
> e-strip@0.1.0 electron:serve
> vue-cli-service electron:serve

 INFO  Starting development server...
[3%] setup (watch run)
[2K[1A[2K[G[3%] setup (watch run vue-loader-plugin)
[2K[1A[2K[G[3%] setup (watch run ESLintWebpackPlugin_1)
[2K[1A[2K[G[3%] setup (watch run webpack-dev-middleware)
[2K[1A[2K[G[3%] setup (watch run)
[2K[1A[2K[G[4%] setup (normal module factory)
[2K[1A[2K[G[4%] setup (normal module factory CaseSensitivePathsPlugin)
[2K[1A[2K[G[4%] setup (normal module factory)
[2K[1A[2K[G[5%] setup (context module factory)
[2K[1A[2K[G[6%] setup (before compile)
[2K[1A[2K[G[6%] setup (before compile ProgressPlugin)
[2K[1A[2K[G[6%] setup (before compile)
[2K[1A[2K[G[7%] setup (compile)
[2K[1A[2K[G[7%] setup (compile ExternalsPlugin)
[2K[1A[2K[G[7%] setup (compile)
[2K[1A[2K[G[8%] setup (compilation)
[2K[1A[2K[G[8%] setup (compilation CopyPlugin)
[2K[1A[2K[G[8%] setup (compilation ArrayPushCallbackChunkFormatPlugin)
[2K[1A[2K[G[8%] setup (compilation JsonpChunkLoadingPlugin)
[2K[1A[2K[G[8%] setup (compilation StartupChunkDependenciesPlugin)
[2K[1A[2K[G[8%] setup (compilation ImportScriptsChunkLoadingPlugin)
[2K[1A[2K[G[8%] setup (compilation FetchCompileWasmPlugin)
[2K[1A[2K[G[8%] setup (compilation FetchCompileAsyncWasmPlugin)
[2K[1A[2K[G[8%] setup (compilation WorkerPlugin)
[2K[1A[2K[G[8%] setup (compilation SplitChunksPlugin)
[2K[1A[2K[G[8%] setup (compilation ResolverCachePlugin)
[2K[1A[2K[G[8%] setup (compilation HtmlWebpackPlugin)
[2K[1A[2K[G[8%] setup (compilation)
[2K[1A[2K[G[9%] setup (compilation)
[2K[1A[2K[G[9%] setup (compilation vue-loader-plugin)
[2K[1A[2K[G[9%] setup (compilation DefinePlugin)
[2K[1A[2K[G[9%] setup (compilation ProgressPlugin)
[2K[1A[2K[G[9%] setup (compilation EntryPlugin)
[2K[1A[2K[G[9%] setup (compilation ChunkPrefetchPreloadPlugin)
[2K[1A[2K[G[9%] setup (compilation ModuleInfoHeaderPlugin)
[2K[1A[2K[G[9%] setup (compilation EvalSourceMapDevToolPlugin)
[2K[1A[2K[G[9%] setup (compilation JavascriptModulesPlugin)
[2K[1A[2K[G[9%] setup (compilation JsonModulesPlugin)
[2K[1A[2K[G[9%] setup (compilation AssetModulesPlugin)
[2K[1A[2K[G[9%] setup (compilation EntryPlugin)
[2K[1A[2K[G[9%] setup (compilation RuntimePlugin)
[2K[1A[2K[G[9%] setup (compilation InferAsyncModulesPlugin)
[2K[1A[2K[G[9%] setup (compilation DataUriPlugin)
[2K[1A[2K[G[9%] setup (compilation FileUriPlugin)
[2K[1A[2K[G[9%] setup (compilation CompatibilityPlugin)
[2K[1A[2K[G[9%] setup (compilation HarmonyModulesPlugin)
[2K[1A[2K[G[9%] setup (compilation AMDPlugin)
[2K[1A[2K[G[9%] setup (compilation RequireJsStuffPlugin)
[2K[1A[2K[G[9%] setup (compilation CommonJsPlugin)
[2K[1A[2K[G[9%] setup (compilation LoaderPlugin)
[2K[1A[2K[G[9%] setup (compilation NodeStuffPlugin)
[2K[1A[2K[G[9%] setup (compilation APIPlugin)
[2K[1A[2K[G[9%] setup (compilation ExportsInfoApiPlugin)
[2K[1A[2K[G[9%] setup (compilation WebpackIsIncludedPlugin)
[2K[1A[2K[G[9%] setup (compilation ConstPlugin)
[2K[1A[2K[G[9%] setup (compilation UseStrictPlugin)
[2K[1A[2K[G[9%] setup (compilation RequireIncludePlugin)
[2K[1A[2K[G[9%] setup (compilation RequireEnsurePlugin)
[2K[1A[2K[G[9%] setup (compilation RequireContextPlugin)
[2K[1A[2K[G[9%] setup (compilation ImportPlugin)
[2K[1A[2K[G[9%] setup (compilation ImportMetaContextPlugin)
[2K[1A[2K[G[9%] setup (compilation SystemPlugin)
[2K[1A[2K[G[9%] setup (compilation ImportMetaPlugin)
[2K[1A[2K[G[9%] setup (compilation URLPlugin)
[2K[1A[2K[G[9%] setup (compilation DefaultStatsFactoryPlugin)
[2K[1A[2K[G[9%] setup (compilation DefaultStatsPresetPlugin)
[2K[1A[2K[G[9%] setup (compilation DefaultStatsPrinterPlugin)
[2K[1A[2K[G[9%] setup (compilation JavascriptMetaInfoPlugin)
[2K[1A[2K[G[9%] setup (compilation EnsureChunkConditionsPlugin)
[2K[1A[2K[G[9%] setup (compilation RemoveEmptyChunksPlugin)
[2K[1A[2K[G[9%] setup (compilation MergeDuplicateChunksPlugin)
[2K[1A[2K[G[9%] setup (compilation SideEffectsFlagPlugin)
[2K[1A[2K[G[9%] setup (compilation FlagDependencyExportsPlugin)
[2K[1A[2K[G[9%] setup (compilation NamedModuleIdsPlugin)
[2K[1A[2K[G[9%] setup (compilation NamedChunkIdsPlugin)
[2K[1A[2K[G[9%] setup (compilation DefinePlugin)
[2K[1A[2K[G[9%] setup (compilation TemplatedPathPlugin)
[2K[1A[2K[G[9%] setup (compilation RecordIdsPlugin)
[2K[1A[2K[G[9%] setup (compilation WarnCaseSensitiveModulesPlugin)
[2K[1A[2K[G[9%] setup (compilation EntryPlugin)
[2K[1A[2K[G[9%] setup (compilation ProvidePlugin)
[2K[1A[2K[G[9%] setup (compilation HotModuleReplacementPlugin)
[2K[1A[2K[G[9%] setup (compilation ProgressPlugin)
[2K[1A[2K[G[9%] setup (compilation ESLintWebpackPlugin_1)
[2K[1A[2K[G[9%] setup (compilation)
[2K[1A[2K[G[10%] building 
[2K[1A[2K[G[10%] building (0/0 modules)
[2K[1A[2K[G[10%] building (import loader babel-loader/lib/index.js)
[2K[1A[2K[G[10%] building (0/2 modules)
[2K[1A[2K[G[24%] building (1/7 modules)
[2K[1A[2K[G[24%] building (import loader vue-loader/dist/index.js)
[2K[1A[2K[G[24%] building (6/16 modules)
[2K[1A[2K[G[24%] building (import loader vue-loader/dist/pitcher.js)
[2K[1A[2K[G[24%] building (import loader vue-loader/dist/templateLoader.js)
[2K[1A[2K[G[24%] building (7/28 modules)
[2K[1A[2K[G[24%] building (import loader vue-style-loader/index.js)
[2K[1A[2K[G[24%] building (import loader css-loader/dist/cjs.js)
[2K[1A[2K[G[24%] building (import loader postcss-loader/dist/cjs.js)
[2K[1A[2K[G[24%] building (13/49 modules)
[2K[1A[2K[G[24%] building (import loader vue-loader/dist/stylePostLoader.js)
[2K[1A[2K[G[24%] building (19/51 modules)
[2K[1A[2K[G[38%] building (34/83 modules)
[2K[1A[2K[G[51%] building (150/171 modules)
[2K[1A[2K[G[65%] building (179/179 modules)
[2K[1A[2K[G[65%] building 
[2K[1A[2K[G[69%] building (finish)
[2K[1A[2K[G[70%] sealing (finish module graph)
[2K[1A[2K[G[70%] sealing (finish module graph ResolverCachePlugin)
[2K[1A[2K[G[70%] sealing (finish module graph InferAsyncModulesPlugin)
[2K[1A[2K[G[70%] sealing (finish module graph FlagDependencyExportsPlugin)
[2K[1A[2K[G[70%] sealing (finish module graph ESLintWebpackPlugin_1)
[2K[1A[2K[G[70%] sealing (finish module graph)
[2K[1A[2K[G[71%] sealing (plugins)
[2K[1A[2K[G[71%] sealing (plugins WarnCaseSensitiveModulesPlugin)
[2K[1A[2K[G[71%] sealing (plugins)
[2K[1A[2K[G[71%] sealing (dependencies optimization)
[2K[1A[2K[G[71%] sealing (dependencies optimization SideEffectsFlagPlugin)
[2K[1A[2K[G[71%] sealing (dependencies optimization)
[2K[1A[2K[G[72%] sealing (after dependencies optimization)
[2K[1A[2K[G[73%] sealing (chunk graph)
[2K[1A[2K[G[73%] sealing (after chunk graph)
[2K[1A[2K[G[74%] sealing (optimizing)
[2K[1A[2K[G[74%] sealing (module optimization)
[2K[1A[2K[G[75%] sealing (after module optimization)
[2K[1A[2K[G[76%] sealing (chunk optimization)
[2K[1A[2K[G[76%] sealing (chunk optimization EnsureChunkConditionsPlugin)
[2K[1A[2K[G[76%] sealing (chunk optimization RemoveEmptyChunksPlugin)
[2K[1A[2K[G[76%] sealing (chunk optimization MergeDuplicateChunksPlugin)
[2K[1A[2K[G[76%] sealing (chunk optimization SplitChunksPlugin)
[2K[1A[2K[G[76%] sealing (chunk optimization RemoveEmptyChunksPlugin)
[2K[1A[2K[G[76%] sealing (chunk optimization)
[2K[1A[2K[G[76%] sealing (after chunk optimization)
[2K[1A[2K[G[77%] sealing (module and chunk tree optimization)
[2K[1A[2K[G[77%] sealing (module and chunk tree optimization PersistentChildCompilerSinglet
onPlugin)
[2K[1A[2K[1A[2K[G[77%] sealing (module and chunk tree optimization)
[2K[1A[2K[G[78%] sealing (after module and chunk tree optimization)
[2K[1A[2K[G[78%] sealing (chunk modules optimization)
[2K[1A[2K[G[79%] sealing (after chunk modules optimization)
[2K[1A[2K[G[80%] sealing (module reviving)
[2K[1A[2K[G[80%] sealing (module reviving RecordIdsPlugin)
[2K[1A[2K[G[80%] sealing (module reviving)
[2K[1A[2K[G[80%] sealing (before module ids)
[2K[1A[2K[G[81%] sealing (module ids)
[2K[1A[2K[G[81%] sealing (module ids NamedModuleIdsPlugin)
[2K[1A[2K[G[81%] sealing (module ids)
[2K[1A[2K[G[82%] sealing (module id optimization)
[2K[1A[2K[G[82%] sealing (module id optimization)
[2K[1A[2K[G[83%] sealing (chunk reviving)
[2K[1A[2K[G[83%] sealing (chunk reviving RecordIdsPlugin)
[2K[1A[2K[G[83%] sealing (chunk reviving)
[2K[1A[2K[G[83%] sealing (before chunk ids)
[2K[1A[2K[G[84%] sealing (chunk ids)
[2K[1A[2K[G[84%] sealing (chunk ids NamedChunkIdsPlugin)
[2K[1A[2K[G[84%] sealing (chunk ids)
[2K[1A[2K[G[85%] sealing (chunk id optimization)
[2K[1A[2K[G[85%] sealing (after chunk id optimization)
[2K[1A[2K[G[86%] sealing (record modules)
[2K[1A[2K[G[86%] sealing (record modules RecordIdsPlugin)
[2K[1A[2K[G[86%] sealing (record modules)
[2K[1A[2K[G[87%] sealing (record chunks)
[2K[1A[2K[G[87%] sealing (record chunks RecordIdsPlugin)
[2K[1A[2K[G[87%] sealing (record chunks)
[2K[1A[2K[G[87%] sealing (module hashing)
[2K[1A[2K[G[88%] sealing (code generation)
[2K[1A[2K[G[89%] sealing (runtime requirements)
[2K[1A[2K[G[89%] sealing (hashing)
[2K[1A[2K[G[90%] sealing (after hashing)
[2K[1A[2K[G[91%] sealing (record hash)
[2K[1A[2K[G[91%] sealing (module assets processing)
[2K[1A[2K[G[92%] sealing (chunk assets processing)
[2K[1A[2K[G[92%] sealing (asset processing)
[2K[1A[2K[G[92%] sealing (asset processing copy-webpack-plugin)
[2K[1A[2K[G[92%] sealing (asset processing HotModuleReplacementPlugin)
[2K[1A[2K[G[92%] sealing (asset processing ESLintWebpackPlugin_1)
[2K[1A[2K[G[92%] sealing (asset processing PersistentChildCompilerSingletonPlugin)
[2K[1A[2K[G[92%] sealing (asset processing HtmlWebpackPlugin)
[2K[1A[2K[G[92%] sealing (asset processing)
[2K[1A[2K[G[93%] sealing (after asset optimization)
[2K[1A[2K[G[94%] sealing (recording)
[2K[1A[2K[G[94%] sealing (recording HotModuleReplacementPlugin)
[2K[1A[2K[G[94%] sealing (recording)
[2K[1A[2K[G[94%] sealing (after seal)
[2K[1A[2K[G[95%] emitting (emit)
[2K[1A[2K[G[98%] emitting (after emit)
[2K[1A[2K[GBuild finished at 02:57:30 by 0.000s
[2K[1A[2K[GBuild finished at 02:57:30 by 0.000s
[2K[1A[2K[GBuild finished at 02:57:30 by 0.000s
[2K[1A[2K[G DONE  Compiled successfully in 1467ms02:57:30

Build finished at 02:57:30 by 0.000s
[2K[1A[2K[G
  App running at:
  - Local:   http://localhost:8080/ 
  - Network: http://192.168.1.115:8080/

  Note that the development build is not optimized.
  To create a production build, run npm run build.

Build finished at 02:57:30 by 0.000s
[2K[1A[2K[GBuild finished at 02:57:30 by 0.000s
[2K[1A[2K[GBuild finished at 02:57:30 by 0.000s
[2K[1A[2K[GBuild finished at 02:57:30 by 0.000s
[2K[1A[2K[GBuild finished at 02:57:30 by 0.000s
[2K[1A[2K[GBuild finished at 02:57:30 by 0.000s
[2K[1A[2K[GBuild finished at 02:57:30 by 0.000s
[2K[1A[2K[GBuild finished at 02:57:30 by 0.000s
[2K[1A[2K[G DONE  Compiled successfully in 80ms02:57:31

  File                      Size                     Gzipped

  dist_electron\index.js    11.08 KiB                2.86 KiB

  Images and other types of assets omitted.
  Build at: 2026-05-09T19:57:31.018Z - Hash: a5b2dbb7083ffb673862 - Time: 80ms

 INFO  Launching Electron...
 WAIT  Compiling...03:04:59

Compiling...

[2K[1A[2K[G[1%] cache (end idle)
[2K[1A[2K[G[3%] setup (watch run)
[2K[1A[2K[G[3%] setup (watch run vue-loader-plugin)
[2K[1A[2K[G[3%] setup (watch run ESLintWebpackPlugin_1)
[2K[1A[2K[G[3%] setup (watch run webpack-dev-middleware)
[2K[1A[2K[G[3%] setup (watch run)
[2K[1A[2K[G[4%] setup (normal module factory)
[2K[1A[2K[G[4%] setup (normal module factory CaseSensitivePathsPlugin)
[2K[1A[2K[G[4%] setup (normal module factory)
[2K[1A[2K[G[5%] setup (context module factory)
[2K[1A[2K[G[6%] setup (before compile)
[2K[1A[2K[G[6%] setup (before compile ProgressPlugin)
[2K[1A[2K[G[6%] setup (before compile)
[2K[1A[2K[G[7%] setup (compile)
[2K[1A[2K[G[7%] setup (compile ExternalsPlugin)
[2K[1A[2K[G[7%] setup (compile)
[2K[1A[2K[G[8%] setup (compilation)
[2K[1A[2K[G[8%] setup (compilation CopyPlugin)
[2K[1A[2K[G[8%] setup (compilation ArrayPushCallbackChunkFormatPlugin)
[2K[1A[2K[G[8%] setup (compilation JsonpChunkLoadingPlugin)
[2K[1A[2K[G[8%] setup (compilation StartupChunkDependenciesPlugin)
[2K[1A[2K[G[8%] setup (compilation ImportScriptsChunkLoadingPlugin)
[2K[1A[2K[G[8%] setup (compilation FetchCompileWasmPlugin)
[2K[1A[2K[G[8%] setup (compilation FetchCompileAsyncWasmPlugin)
[2K[1A[2K[G[8%] setup (compilation WorkerPlugin)
[2K[1A[2K[G[8%] setup (compilation SplitChunksPlugin)
[2K[1A[2K[G[8%] setup (compilation ResolverCachePlugin)
[2K[1A[2K[G[8%] setup (compilation HtmlWebpackPlugin)
[2K[1A[2K[G[8%] setup (compilation)
[2K[1A[2K[G[9%] setup (compilation)
[2K[1A[2K[G[9%] setup (compilation vue-loader-plugin)
[2K[1A[2K[G[9%] setup (compilation DefinePlugin)
[2K[1A[2K[G[9%] setup (compilation ProgressPlugin)
[2K[1A[2K[G[9%] setup (compilation EntryPlugin)
[2K[1A[2K[G[9%] setup (compilation ChunkPrefetchPreloadPlugin)
[2K[1A[2K[G[9%] setup (compilation ModuleInfoHeaderPlugin)
[2K[1A[2K[G[9%] setup (compilation EvalSourceMapDevToolPlugin)
[2K[1A[2K[G[9%] setup (compilation JavascriptModulesPlugin)
[2K[1A[2K[G[9%] setup (compilation JsonModulesPlugin)
[2K[1A[2K[G[9%] setup (compilation AssetModulesPlugin)
[2K[1A[2K[G[9%] setup (compilation EntryPlugin)
[2K[1A[2K[G[9%] setup (compilation RuntimePlugin)
[2K[1A[2K[G[9%] setup (compilation InferAsyncModulesPlugin)
[2K[1A[2K[G[9%] setup (compilation DataUriPlugin)
[2K[1A[2K[G[9%] setup (compilation FileUriPlugin)
[2K[1A[2K[G[9%] setup (compilation CompatibilityPlugin)
[2K[1A[2K[G[9%] setup (compilation HarmonyModulesPlugin)
[2K[1A[2K[G[9%] setup (compilation AMDPlugin)
[2K[1A[2K[G[9%] setup (compilation RequireJsStuffPlugin)
[2K[1A[2K[G[9%] setup (compilation CommonJsPlugin)
[2K[1A[2K[G[9%] setup (compilation LoaderPlugin)
[2K[1A[2K[G[9%] setup (compilation NodeStuffPlugin)
[2K[1A[2K[G[9%] setup (compilation APIPlugin)
[2K[1A[2K[G[9%] setup (compilation ExportsInfoApiPlugin)
[2K[1A[2K[G[9%] setup (compilation WebpackIsIncludedPlugin)
[2K[1A[2K[G[9%] setup (compilation ConstPlugin)
[2K[1A[2K[G[9%] setup (compilation UseStrictPlugin)
[2K[1A[2K[G[9%] setup (compilation RequireIncludePlugin)
[2K[1A[2K[G[9%] setup (compilation RequireEnsurePlugin)
[2K[1A[2K[G[9%] setup (compilation RequireContextPlugin)
[2K[1A[2K[G[9%] setup (compilation ImportPlugin)
[2K[1A[2K[G[9%] setup (compilation ImportMetaContextPlugin)
[2K[1A[2K[G[9%] setup (compilation SystemPlugin)
[2K[1A[2K[G[9%] setup (compilation ImportMetaPlugin)
[2K[1A[2K[G[9%] setup (compilation URLPlugin)
[2K[1A[2K[G[9%] setup (compilation DefaultStatsFactoryPlugin)
[2K[1A[2K[G[9%] setup (compilation DefaultStatsPresetPlugin)
[2K[1A[2K[G[9%] setup (compilation DefaultStatsPrinterPlugin)
[2K[1A[2K[G[9%] setup (compilation JavascriptMetaInfoPlugin)
[2K[1A[2K[G[9%] setup (compilation EnsureChunkConditionsPlugin)
[2K[1A[2K[G[9%] setup (compilation RemoveEmptyChunksPlugin)
[2K[1A[2K[G[9%] setup (compilation MergeDuplicateChunksPlugin)
[2K[1A[2K[G[9%] setup (compilation SideEffectsFlagPlugin)
[2K[1A[2K[G[9%] setup (compilation FlagDependencyExportsPlugin)
[2K[1A[2K[G[9%] setup (compilation NamedModuleIdsPlugin)
[2K[1A[2K[G[9%] setup (compilation NamedChunkIdsPlugin)
[2K[1A[2K[G[9%] setup (compilation DefinePlugin)
[2K[1A[2K[G[9%] setup (compilation TemplatedPathPlugin)
[2K[1A[2K[G[9%] setup (compilation RecordIdsPlugin)
[2K[1A[2K[G[9%] setup (compilation WarnCaseSensitiveModulesPlugin)
[2K[1A[2K[G[9%] setup (compilation EntryPlugin)
[2K[1A[2K[G[9%] setup (compilation ProvidePlugin)
[2K[1A[2K[G[9%] setup (compilation HotModuleReplacementPlugin)
[2K[1A[2K[G[9%] setup (compilation ProgressPlugin)
[2K[1A[2K[G[9%] setup (compilation ESLintWebpackPlugin_1)
[2K[1A[2K[G[9%] setup (compilation)
[2K[1A[2K[G[10%] building 
[2K[1A[2K[G[10%] building (0/0 modules)
[2K[1A[2K[G[24%] building (7/4 modules)
[2K[1A[2K[G[38%] building (34/7 modules)
[2K[1A[2K[G[51%] building (134/11 modules)
[2K[1A[2K[G[51%] building (import loader vue-loader/dist/index.js)
[2K[1A[2K[G[51%] building (155/13 modules)
[2K[1A[2K[G[51%] building (import loader babel-loader/lib/index.js)
[2K[1A[2K[G[51%] building (import loader vue-loader/dist/templateLoader.js)
[2K[1A[2K[G[51%] building (155/20 modules)
[2K[1A[2K[G[51%] building (import loader css-loader/dist/cjs.js)
[2K[1A[2K[G[51%] building (import loader vue-loader/dist/stylePostLoader.js)
[2K[1A[2K[G[51%] building (import loader postcss-loader/dist/cjs.js)
[2K[1A[2K[G[51%] building (155/21 modules)
[2K[1A[2K[G[65%] building (179/33 modules)
[2K[1A[2K[G[65%] building 
[2K[1A[2K[G[69%] building (finish)
[2K[1A[2K[G[70%] sealing (finish module graph)
[2K[1A[2K[G[70%] sealing (finish module graph ResolverCachePlugin)
[2K[1A[2K[G[70%] sealing (finish module graph InferAsyncModulesPlugin)
[2K[1A[2K[G[70%] sealing (finish module graph FlagDependencyExportsPlugin)
[2K[1A[2K[G[70%] sealing (finish module graph ESLintWebpackPlugin_1)
[2K[1A[2K[G[70%] sealing (finish module graph)
[2K[1A[2K[G[71%] sealing (plugins)
[2K[1A[2K[G[71%] sealing (plugins WarnCaseSensitiveModulesPlugin)
[2K[1A[2K[G[71%] sealing (plugins)
[2K[1A[2K[G[71%] sealing (dependencies optimization)
[2K[1A[2K[G[71%] sealing (dependencies optimization SideEffectsFlagPlugin)
[2K[1A[2K[G[71%] sealing (dependencies optimization)
[2K[1A[2K[G[72%] sealing (after dependencies optimization)
[2K[1A[2K[G[73%] sealing (chunk graph)
[2K[1A[2K[G[73%] sealing (after chunk graph)
[2K[1A[2K[G[74%] sealing (optimizing)
[2K[1A[2K[G[74%] sealing (module optimization)
[2K[1A[2K[G[75%] sealing (after module optimization)
[2K[1A[2K[G[76%] sealing (chunk optimization)
[2K[1A[2K[G[76%] sealing (chunk optimization EnsureChunkConditionsPlugin)
[2K[1A[2K[G[76%] sealing (chunk optimization RemoveEmptyChunksPlugin)
[2K[1A[2K[G[76%] sealing (chunk optimization MergeDuplicateChunksPlugin)
[2K[1A[2K[G[76%] sealing (chunk optimization SplitChunksPlugin)
[2K[1A[2K[G[76%] sealing (chunk optimization RemoveEmptyChunksPlugin)
[2K[1A[2K[G[76%] sealing (chunk optimization)
[2K[1A[2K[G[76%] sealing (after chunk optimization)
[2K[1A[2K[G[77%] sealing (module and chunk tree optimization)
[2K[1A[2K[G[77%] sealing (module and chunk tree optimization PersistentChildCompilerSinglet
onPlugin)
[2K[1A[2K[1A[2K[G[77%] sealing (module and chunk tree optimization)
[2K[1A[2K[G[78%] sealing (after module and chunk tree optimization)
[2K[1A[2K[G[78%] sealing (chunk modules optimization)
[2K[1A[2K[G[79%] sealing (after chunk modules optimization)
[2K[1A[2K[G[80%] sealing (module reviving)
[2K[1A[2K[G[80%] sealing (module reviving RecordIdsPlugin)
[2K[1A[2K[G[80%] sealing (module reviving)
[2K[1A[2K[G[80%] sealing (before module ids)
[2K[1A[2K[G[81%] sealing (module ids)
[2K[1A[2K[G[81%] sealing (module ids NamedModuleIdsPlugin)
[2K[1A[2K[G[81%] sealing (module ids)
[2K[1A[2K[G[82%] sealing (module id optimization)
[2K[1A[2K[G[82%] sealing (module id optimization)
[2K[1A[2K[G[83%] sealing (chunk reviving)
[2K[1A[2K[G[83%] sealing (chunk reviving RecordIdsPlugin)
[2K[1A[2K[G[83%] sealing (chunk reviving)
[2K[1A[2K[G[83%] sealing (before chunk ids)
[2K[1A[2K[G[84%] sealing (chunk ids)
[2K[1A[2K[G[84%] sealing (chunk ids NamedChunkIdsPlugin)
[2K[1A[2K[G[84%] sealing (chunk ids)
[2K[1A[2K[G[85%] sealing (chunk id optimization)
[2K[1A[2K[G[85%] sealing (after chunk id optimization)
[2K[1A[2K[G[86%] sealing (record modules)
[2K[1A[2K[G[86%] sealing (record modules RecordIdsPlugin)
[2K[1A[2K[G[86%] sealing (record modules)
[2K[1A[2K[G[87%] sealing (record chunks)
[2K[1A[2K[G[87%] sealing (record chunks RecordIdsPlugin)
[2K[1A[2K[G[87%] sealing (record chunks)
[2K[1A[2K[G[87%] sealing (module hashing)
[2K[1A[2K[G[88%] sealing (code generation)
[2K[1A[2K[G[89%] sealing (runtime requirements)
[2K[1A[2K[G[89%] sealing (hashing)
[2K[1A[2K[G[90%] sealing (after hashing)
[2K[1A[2K[G[91%] sealing (record hash)
[2K[1A[2K[G[91%] sealing (module assets processing)
[2K[1A[2K[G[92%] sealing (chunk assets processing)
[2K[1A[2K[G[92%] sealing (asset processing)
[2K[1A[2K[G[92%] sealing (asset processing copy-webpack-plugin)
[2K[1A[2K[G[92%] sealing (asset processing HotModuleReplacementPlugin)
[2K[1A[2K[G[92%] sealing (asset processing ESLintWebpackPlugin_1)
[2K[1A[2K[G[92%] sealing (asset processing PersistentChildCompilerSingletonPlugin)
[2K[1A[2K[G[92%] sealing (asset processing HtmlWebpackPlugin)
[2K[1A[2K[G[92%] sealing (asset processing)
[2K[1A[2K[G[93%] sealing (after asset optimization)
[2K[1A[2K[G[94%] sealing (recording)
[2K[1A[2K[G[94%] sealing (recording HotModuleReplacementPlugin)
[2K[1A[2K[G[94%] sealing (recording)
[2K[1A[2K[G[94%] sealing (after seal)
[2K[1A[2K[G[95%] emitting (emit)
[2K[1A[2K[G[98%] emitting (after emit)
[2K[1A[2K[GBuild finished at 03:04:59 by 0.000s
[2K[1A[2K[GBuild finished at 03:04:59 by 0.000s
[2K[1A[2K[GBuild finished at 03:04:59 by 0.000s
[2K[1A[2K[G DONE  Compiled successfully in 430ms03:04:59

Build finished at 03:04:59 by 0.000s
[2K[1A[2K[G
  App running at:
  - Local:   http://localhost:8080/ 
  - Network: http://192.168.1.115:8080/

Build finished at 03:04:59 by 0.000s
[2K[1A[2K[GBuild finished at 03:04:59 by 0.000s
[2K[1A[2K[GBuild finished at 03:04:59 by 0.000s
[2K[1A[2K[GBuild finished at 03:04:59 by 0.000s
[2K[1A[2K[GBuild finished at 03:04:59 by 0.000s
[2K[1A[2K[GBuild finished at 03:04:59 by 0.000s
[2K[1A[2K[GBuild finished at 03:04:59 by 0.000s
[2K[1A[2K[GBuild finished at 03:04:59 by 0.000s
[2K[1A[2K[G WAIT  Compiling...03:05:05

Compiling...

[2K[1A[2K[G[1%] cache (end idle)
[2K[1A[2K[G[3%] setup (watch run)
[2K[1A[2K[G[3%] setup (watch run vue-loader-plugin)
[2K[1A[2K[G[3%] setup (watch run ESLintWebpackPlugin_1)
[2K[1A[2K[G[3%] setup (watch run webpack-dev-middleware)
[2K[1A[2K[G[3%] setup (watch run)
[2K[1A[2K[G[4%] setup (normal module factory)
[2K[1A[2K[G[4%] setup (normal module factory CaseSensitivePathsPlugin)
[2K[1A[2K[G[4%] setup (normal module factory)
[2K[1A[2K[G[5%] setup (context module factory)
[2K[1A[2K[G[6%] setup (before compile)
[2K[1A[2K[G[6%] setup (before compile ProgressPlugin)
[2K[1A[2K[G[6%] setup (before compile)
[2K[1A[2K[G[7%] setup (compile)
[2K[1A[2K[G[7%] setup (compile ExternalsPlugin)
[2K[1A[2K[G[7%] setup (compile)
[2K[1A[2K[G[8%] setup (compilation)
[2K[1A[2K[G[8%] setup (compilation CopyPlugin)
[2K[1A[2K[G[8%] setup (compilation ArrayPushCallbackChunkFormatPlugin)
[2K[1A[2K[G[8%] setup (compilation JsonpChunkLoadingPlugin)
[2K[1A[2K[G[8%] setup (compilation StartupChunkDependenciesPlugin)
[2K[1A[2K[G[8%] setup (compilation ImportScriptsChunkLoadingPlugin)
[2K[1A[2K[G[8%] setup (compilation FetchCompileWasmPlugin)
[2K[1A[2K[G[8%] setup (compilation FetchCompileAsyncWasmPlugin)
[2K[1A[2K[G[8%] setup (compilation WorkerPlugin)
[2K[1A[2K[G[8%] setup (compilation SplitChunksPlugin)
[2K[1A[2K[G[8%] setup (compilation ResolverCachePlugin)
[2K[1A[2K[G[8%] setup (compilation HtmlWebpackPlugin)
[2K[1A[2K[G[8%] setup (compilation)
[2K[1A[2K[G[9%] setup (compilation)
[2K[1A[2K[G[9%] setup (compilation vue-loader-plugin)
[2K[1A[2K[G[9%] setup (compilation DefinePlugin)
[2K[1A[2K[G[9%] setup (compilation ProgressPlugin)
[2K[1A[2K[G[9%] setup (compilation EntryPlugin)
[2K[1A[2K[G[9%] setup (compilation ChunkPrefetchPreloadPlugin)
[2K[1A[2K[G[9%] setup (compilation ModuleInfoHeaderPlugin)
[2K[1A[2K[G[9%] setup (compilation EvalSourceMapDevToolPlugin)
[2K[1A[2K[G[9%] setup (compilation JavascriptModulesPlugin)
[2K[1A[2K[G[9%] setup (compilation JsonModulesPlugin)
[2K[1A[2K[G[9%] setup (compilation AssetModulesPlugin)
[2K[1A[2K[G[9%] setup (compilation EntryPlugin)
[2K[1A[2K[G[9%] setup (compilation RuntimePlugin)
[2K[1A[2K[G[9%] setup (compilation InferAsyncModulesPlugin)
[2K[1A[2K[G[9%] setup (compilation DataUriPlugin)
[2K[1A[2K[G[9%] setup (compilation FileUriPlugin)
[2K[1A[2K[G[9%] setup (compilation CompatibilityPlugin)
[2K[1A[2K[G[9%] setup (compilation HarmonyModulesPlugin)
[2K[1A[2K[G[9%] setup (compilation AMDPlugin)
[2K[1A[2K[G[9%] setup (compilation RequireJsStuffPlugin)
[2K[1A[2K[G[9%] setup (compilation CommonJsPlugin)
[2K[1A[2K[G[9%] setup (compilation LoaderPlugin)
[2K[1A[2K[G[9%] setup (compilation NodeStuffPlugin)
[2K[1A[2K[G[9%] setup (compilation APIPlugin)
[2K[1A[2K[G[9%] setup (compilation ExportsInfoApiPlugin)
[2K[1A[2K[G[9%] setup (compilation WebpackIsIncludedPlugin)
[2K[1A[2K[G[9%] setup (compilation ConstPlugin)
[2K[1A[2K[G[9%] setup (compilation UseStrictPlugin)
[2K[1A[2K[G[9%] setup (compilation RequireIncludePlugin)
[2K[1A[2K[G[9%] setup (compilation RequireEnsurePlugin)
[2K[1A[2K[G[9%] setup (compilation RequireContextPlugin)
[2K[1A[2K[G[9%] setup (compilation ImportPlugin)
[2K[1A[2K[G[9%] setup (compilation ImportMetaContextPlugin)
[2K[1A[2K[G[9%] setup (compilation SystemPlugin)
[2K[1A[2K[G[9%] setup (compilation ImportMetaPlugin)
[2K[1A[2K[G[9%] setup (compilation URLPlugin)
[2K[1A[2K[G[9%] setup (compilation DefaultStatsFactoryPlugin)
[2K[1A[2K[G[9%] setup (compilation DefaultStatsPresetPlugin)
[2K[1A[2K[G[9%] setup (compilation DefaultStatsPrinterPlugin)
[2K[1A[2K[G[9%] setup (compilation JavascriptMetaInfoPlugin)
[2K[1A[2K[G[9%] setup (compilation EnsureChunkConditionsPlugin)
[2K[1A[2K[G[9%] setup (compilation RemoveEmptyChunksPlugin)
[2K[1A[2K[G[9%] setup (compilation MergeDuplicateChunksPlugin)
[2K[1A[2K[G[9%] setup (compilation SideEffectsFlagPlugin)
[2K[1A[2K[G[9%] setup (compilation FlagDependencyExportsPlugin)
[2K[1A[2K[G[9%] setup (compilation NamedModuleIdsPlugin)
[2K[1A[2K[G[9%] setup (compilation NamedChunkIdsPlugin)
[2K[1A[2K[G[9%] setup (compilation DefinePlugin)
[2K[1A[2K[G[9%] setup (compilation TemplatedPathPlugin)
[2K[1A[2K[G[9%] setup (compilation RecordIdsPlugin)
[2K[1A[2K[G[9%] setup (compilation WarnCaseSensitiveModulesPlugin)
[2K[1A[2K[G[9%] setup (compilation EntryPlugin)
[2K[1A[2K[G[9%] setup (compilation ProvidePlugin)
[2K[1A[2K[G[9%] setup (compilation HotModuleReplacementPlugin)
[2K[1A[2K[G[9%] setup (compilation ProgressPlugin)
[2K[1A[2K[G[9%] setup (compilation ESLintWebpackPlugin_1)
[2K[1A[2K[G[9%] setup (compilation)
[2K[1A[2K[G[10%] building 
[2K[1A[2K[G[10%] building (0/0 modules)
[2K[1A[2K[G[10%] building (import loader babel-loader/lib/index.js)
[2K[1A[2K[G[10%] building (0/4 modules)
[2K[1A[2K[G[24%] building (1/4 modules)
[2K[1A[2K[G[38%] building (18/4 modules)
[2K[1A[2K[G[51%] building (104/4 modules)
[2K[1A[2K[G[65%] building (179/32 modules)
[2K[1A[2K[G[65%] building 
[2K[1A[2K[G[69%] building (finish)
[2K[1A[2K[G[70%] sealing (finish module graph)
[2K[1A[2K[G[70%] sealing (finish module graph ResolverCachePlugin)
[2K[1A[2K[G[70%] sealing (finish module graph InferAsyncModulesPlugin)
[2K[1A[2K[G[70%] sealing (finish module graph FlagDependencyExportsPlugin)
[2K[1A[2K[G[70%] sealing (finish module graph ESLintWebpackPlugin_1)
[2K[1A[2K[G[70%] sealing (finish module graph)
[2K[1A[2K[G[71%] sealing (plugins)
[2K[1A[2K[G[71%] sealing (plugins WarnCaseSensitiveModulesPlugin)
[2K[1A[2K[G[71%] sealing (plugins)
[2K[1A[2K[G[71%] sealing (dependencies optimization)
[2K[1A[2K[G[71%] sealing (dependencies optimization SideEffectsFlagPlugin)
[2K[1A[2K[G[71%] sealing (dependencies optimization)
[2K[1A[2K[G[72%] sealing (after dependencies optimization)
[2K[1A[2K[G[73%] sealing (chunk graph)
[2K[1A[2K[G[73%] sealing (after chunk graph)
[2K[1A[2K[G[74%] sealing (optimizing)
[2K[1A[2K[G[74%] sealing (module optimization)
[2K[1A[2K[G[75%] sealing (after module optimization)
[2K[1A[2K[G[76%] sealing (chunk optimization)
[2K[1A[2K[G[76%] sealing (chunk optimization EnsureChunkConditionsPlugin)
[2K[1A[2K[G[76%] sealing (chunk optimization RemoveEmptyChunksPlugin)
[2K[1A[2K[G[76%] sealing (chunk optimization MergeDuplicateChunksPlugin)
[2K[1A[2K[G[76%] sealing (chunk optimization SplitChunksPlugin)
[2K[1A[2K[G[76%] sealing (chunk optimization RemoveEmptyChunksPlugin)
[2K[1A[2K[G[76%] sealing (chunk optimization)
[2K[1A[2K[G[76%] sealing (after chunk optimization)
[2K[1A[2K[G[77%] sealing (module and chunk tree optimization)
[2K[1A[2K[G[77%] sealing (module and chunk tree optimization PersistentChildCompilerSinglet
onPlugin)
[2K[1A[2K[1A[2K[G[77%] sealing (module and chunk tree optimization)
[2K[1A[2K[G[78%] sealing (after module and chunk tree optimization)
[2K[1A[2K[G[78%] sealing (chunk modules optimization)
[2K[1A[2K[G[79%] sealing (after chunk modules optimization)
[2K[1A[2K[G[80%] sealing (module reviving)
[2K[1A[2K[G[80%] sealing (module reviving RecordIdsPlugin)
[2K[1A[2K[G[80%] sealing (module reviving)
[2K[1A[2K[G[80%] sealing (before module ids)
[2K[1A[2K[G[81%] sealing (module ids)
[2K[1A[2K[G[81%] sealing (module ids NamedModuleIdsPlugin)
[2K[1A[2K[G[81%] sealing (module ids)
[2K[1A[2K[G[82%] sealing (module id optimization)
[2K[1A[2K[G[82%] sealing (module id optimization)
[2K[1A[2K[G[83%] sealing (chunk reviving)
[2K[1A[2K[G[83%] sealing (chunk reviving RecordIdsPlugin)
[2K[1A[2K[G[83%] sealing (chunk reviving)
[2K[1A[2K[G[83%] sealing (before chunk ids)
[2K[1A[2K[G[84%] sealing (chunk ids)
[2K[1A[2K[G[84%] sealing (chunk ids NamedChunkIdsPlugin)
[2K[1A[2K[G[84%] sealing (chunk ids)
[2K[1A[2K[G[85%] sealing (chunk id optimization)
[2K[1A[2K[G[85%] sealing (after chunk id optimization)
[2K[1A[2K[G[86%] sealing (record modules)
[2K[1A[2K[G[86%] sealing (record modules RecordIdsPlugin)
[2K[1A[2K[G[86%] sealing (record modules)
[2K[1A[2K[G[87%] sealing (record chunks)
[2K[1A[2K[G[87%] sealing (record chunks RecordIdsPlugin)
[2K[1A[2K[G[87%] sealing (record chunks)
[2K[1A[2K[G[87%] sealing (module hashing)
[2K[1A[2K[G[88%] sealing (code generation)
[2K[1A[2K[G[89%] sealing (runtime requirements)
[2K[1A[2K[G[89%] sealing (hashing)
[2K[1A[2K[G[90%] sealing (after hashing)
[2K[1A[2K[G[91%] sealing (record hash)
[2K[1A[2K[G[91%] sealing (module assets processing)
[2K[1A[2K[G[92%] sealing (chunk assets processing)
[2K[1A[2K[G[92%] sealing (asset processing)
[2K[1A[2K[G[92%] sealing (asset processing copy-webpack-plugin)
[2K[1A[2K[G[92%] sealing (asset processing HotModuleReplacementPlugin)
[2K[1A[2K[G[92%] sealing (asset processing ESLintWebpackPlugin_1)
[2K[1A[2K[G[92%] sealing (asset processing PersistentChildCompilerSingletonPlugin)
[2K[1A[2K[G[92%] sealing (asset processing HtmlWebpackPlugin)
[2K[1A[2K[G[92%] sealing (asset processing)
[2K[1A[2K[G[93%] sealing (after asset optimization)
[2K[1A[2K[G[94%] sealing (recording)
[2K[1A[2K[G[94%] sealing (recording HotModuleReplacementPlugin)
[2K[1A[2K[G[94%] sealing (recording)
[2K[1A[2K[G[94%] sealing (after seal)
[2K[1A[2K[G[95%] emitting (emit)
[2K[1A[2K[G[98%] emitting (after emit)
[2K[1A[2K[GBuild finished at 03:05:05 by 0.000s
[2K[1A[2K[GBuild finished at 03:05:05 by 0.000s
[2K[1A[2K[GBuild finished at 03:05:05 by 0.000s
[2K[1A[2K[G DONE  Compiled successfully in 106ms03:05:05

Build finished at 03:05:05 by 0.000s
[2K[1A[2K[G
  App running at:
  - Local:   http://localhost:8080/ 
  - Network: http://192.168.1.115:8080/

Build finished at 03:05:05 by 0.000s
[2K[1A[2K[GBuild finished at 03:05:05 by 0.000s
[2K[1A[2K[GBuild finished at 03:05:05 by 0.000s
[2K[1A[2K[GBuild finished at 03:05:05 by 0.000s
[2K[1A[2K[GBuild finished at 03:05:05 by 0.000s
[2K[1A[2K[GBuild finished at 03:05:05 by 0.000s
[2K[1A[2K[GBuild finished at 03:05:05 by 0.000s
[2K[1A[2K[GBuild finished at 03:05:05 by 0.000s
[2K[1A[2K[G WAIT  Compiling...03:10:58

Compiling...

[2K[1A[2K[G[1%] cache (end idle)
[2K[1A[2K[G[3%] setup (watch run)
[2K[1A[2K[G[3%] setup (watch run vue-loader-plugin)
[2K[1A[2K[G[3%] setup (watch run ESLintWebpackPlugin_1)
[2K[1A[2K[G[3%] setup (watch run webpack-dev-middleware)
[2K[1A[2K[G[3%] setup (watch run)
[2K[1A[2K[G[4%] setup (normal module factory)
[2K[1A[2K[G[4%] setup (normal module factory CaseSensitivePathsPlugin)
[2K[1A[2K[G[4%] setup (normal module factory)
[2K[1A[2K[G[5%] setup (context module factory)
[2K[1A[2K[G[6%] setup (before compile)
[2K[1A[2K[G[6%] setup (before compile ProgressPlugin)
[2K[1A[2K[G[6%] setup (before compile)
[2K[1A[2K[G[7%] setup (compile)
[2K[1A[2K[G[7%] setup (compile ExternalsPlugin)
[2K[1A[2K[G[7%] setup (compile)
[2K[1A[2K[G[8%] setup (compilation)
[2K[1A[2K[G[8%] setup (compilation CopyPlugin)
[2K[1A[2K[G[8%] setup (compilation ArrayPushCallbackChunkFormatPlugin)
[2K[1A[2K[G[8%] setup (compilation JsonpChunkLoadingPlugin)
[2K[1A[2K[G[8%] setup (compilation StartupChunkDependenciesPlugin)
[2K[1A[2K[G[8%] setup (compilation ImportScriptsChunkLoadingPlugin)
[2K[1A[2K[G[8%] setup (compilation FetchCompileWasmPlugin)
[2K[1A[2K[G[8%] setup (compilation FetchCompileAsyncWasmPlugin)
[2K[1A[2K[G[8%] setup (compilation WorkerPlugin)
[2K[1A[2K[G[8%] setup (compilation SplitChunksPlugin)
[2K[1A[2K[G[8%] setup (compilation ResolverCachePlugin)
[2K[1A[2K[G[8%] setup (compilation HtmlWebpackPlugin)
[2K[1A[2K[G[8%] setup (compilation)
[2K[1A[2K[G[9%] setup (compilation)
[2K[1A[2K[G[9%] setup (compilation vue-loader-plugin)
[2K[1A[2K[G[9%] setup (compilation DefinePlugin)
[2K[1A[2K[G[9%] setup (compilation ProgressPlugin)
[2K[1A[2K[G[9%] setup (compilation EntryPlugin)
[2K[1A[2K[G[9%] setup (compilation ChunkPrefetchPreloadPlugin)
[2K[1A[2K[G[9%] setup (compilation ModuleInfoHeaderPlugin)
[2K[1A[2K[G[9%] setup (compilation EvalSourceMapDevToolPlugin)
[2K[1A[2K[G[9%] setup (compilation JavascriptModulesPlugin)
[2K[1A[2K[G[9%] setup (compilation JsonModulesPlugin)
[2K[1A[2K[G[9%] setup (compilation AssetModulesPlugin)
[2K[1A[2K[G[9%] setup (compilation EntryPlugin)
[2K[1A[2K[G[9%] setup (compilation RuntimePlugin)
[2K[1A[2K[G[9%] setup (compilation InferAsyncModulesPlugin)
[2K[1A[2K[G[9%] setup (compilation DataUriPlugin)
[2K[1A[2K[G[9%] setup (compilation FileUriPlugin)
[2K[1A[2K[G[9%] setup (compilation CompatibilityPlugin)
[2K[1A[2K[G[9%] setup (compilation HarmonyModulesPlugin)
[2K[1A[2K[G[9%] setup (compilation AMDPlugin)
[2K[1A[2K[G[9%] setup (compilation RequireJsStuffPlugin)
[2K[1A[2K[G[9%] setup (compilation CommonJsPlugin)
[2K[1A[2K[G[9%] setup (compilation LoaderPlugin)
[2K[1A[2K[G[9%] setup (compilation NodeStuffPlugin)
[2K[1A[2K[G[9%] setup (compilation APIPlugin)
[2K[1A[2K[G[9%] setup (compilation ExportsInfoApiPlugin)
[2K[1A[2K[G[9%] setup (compilation WebpackIsIncludedPlugin)
[2K[1A[2K[G[9%] setup (compilation ConstPlugin)
[2K[1A[2K[G[9%] setup (compilation UseStrictPlugin)
[2K[1A[2K[G[9%] setup (compilation RequireIncludePlugin)
[2K[1A[2K[G[9%] setup (compilation RequireEnsurePlugin)
[2K[1A[2K[G[9%] setup (compilation RequireContextPlugin)
[2K[1A[2K[G[9%] setup (compilation ImportPlugin)
[2K[1A[2K[G[9%] setup (compilation ImportMetaContextPlugin)
[2K[1A[2K[G[9%] setup (compilation SystemPlugin)
[2K[1A[2K[G[9%] setup (compilation ImportMetaPlugin)
[2K[1A[2K[G[9%] setup (compilation URLPlugin)
[2K[1A[2K[G[9%] setup (compilation DefaultStatsFactoryPlugin)
[2K[1A[2K[G[9%] setup (compilation DefaultStatsPresetPlugin)
[2K[1A[2K[G[9%] setup (compilation DefaultStatsPrinterPlugin)
[2K[1A[2K[G[9%] setup (compilation JavascriptMetaInfoPlugin)
[2K[1A[2K[G[9%] setup (compilation EnsureChunkConditionsPlugin)
[2K[1A[2K[G[9%] setup (compilation RemoveEmptyChunksPlugin)
[2K[1A[2K[G[9%] setup (compilation MergeDuplicateChunksPlugin)
[2K[1A[2K[G[9%] setup (compilation SideEffectsFlagPlugin)
[2K[1A[2K[G[9%] setup (compilation FlagDependencyExportsPlugin)
[2K[1A[2K[G[9%] setup (compilation NamedModuleIdsPlugin)
[2K[1A[2K[G[9%] setup (compilation NamedChunkIdsPlugin)
[2K[1A[2K[G[9%] setup (compilation DefinePlugin)
[2K[1A[2K[G[9%] setup (compilation TemplatedPathPlugin)
[2K[1A[2K[G[9%] setup (compilation RecordIdsPlugin)
[2K[1A[2K[G[9%] setup (compilation WarnCaseSensitiveModulesPlugin)
[2K[1A[2K[G[9%] setup (compilation EntryPlugin)
[2K[1A[2K[G[9%] setup (compilation ProvidePlugin)
[2K[1A[2K[G[9%] setup (compilation HotModuleReplacementPlugin)
[2K[1A[2K[G[9%] setup (compilation ProgressPlugin)
[2K[1A[2K[G[9%] setup (compilation ESLintWebpackPlugin_1)
[2K[1A[2K[G[9%] setup (compilation)
[2K[1A[2K[G[10%] building 
[2K[1A[2K[G[10%] building (0/0 modules)
[2K[1A[2K[G[24%] building (7/4 modules)
[2K[1A[2K[G[38%] building (23/5 modules)
[2K[1A[2K[G[51%] building (142/11 modules)
[2K[1A[2K[G[51%] building (import loader vue-loader/dist/index.js)
[2K[1A[2K[G[51%] building (155/13 modules)
[2K[1A[2K[G[51%] building (import loader babel-loader/lib/index.js)
[2K[1A[2K[G[51%] building (import loader vue-loader/dist/templateLoader.js)
[2K[1A[2K[G[51%] building (155/20 modules)
[2K[1A[2K[G[51%] building (import loader css-loader/dist/cjs.js)
[2K[1A[2K[G[51%] building (import loader vue-loader/dist/stylePostLoader.js)
[2K[1A[2K[G[51%] building (import loader postcss-loader/dist/cjs.js)
[2K[1A[2K[G[51%] building (155/21 modules)
[2K[1A[2K[G[65%] building (175/32 modules)
[2K[1A[2K[G[65%] building 
[2K[1A[2K[G[69%] building (finish)
[2K[1A[2K[G[70%] sealing (finish module graph)
[2K[1A[2K[G[70%] sealing (finish module graph ResolverCachePlugin)
[2K[1A[2K[G[70%] sealing (finish module graph InferAsyncModulesPlugin)
[2K[1A[2K[G[70%] sealing (finish module graph FlagDependencyExportsPlugin)
[2K[1A[2K[G[70%] sealing (finish module graph ESLintWebpackPlugin_1)
[2K[1A[2K[G[70%] sealing (finish module graph)
[2K[1A[2K[G[71%] sealing (plugins)
[2K[1A[2K[G[71%] sealing (plugins WarnCaseSensitiveModulesPlugin)
[2K[1A[2K[G[71%] sealing (plugins)
[2K[1A[2K[G[71%] sealing (dependencies optimization)
[2K[1A[2K[G[71%] sealing (dependencies optimization SideEffectsFlagPlugin)
[2K[1A[2K[G[71%] sealing (dependencies optimization)
[2K[1A[2K[G[72%] sealing (after dependencies optimization)
[2K[1A[2K[G[73%] sealing (chunk graph)
[2K[1A[2K[G[73%] sealing (after chunk graph)
[2K[1A[2K[G[74%] sealing (optimizing)
[2K[1A[2K[G[74%] sealing (module optimization)
[2K[1A[2K[G[75%] sealing (after module optimization)
[2K[1A[2K[G[76%] sealing (chunk optimization)
[2K[1A[2K[G[76%] sealing (chunk optimization EnsureChunkConditionsPlugin)
[2K[1A[2K[G[76%] sealing (chunk optimization RemoveEmptyChunksPlugin)
[2K[1A[2K[G[76%] sealing (chunk optimization MergeDuplicateChunksPlugin)
[2K[1A[2K[G[76%] sealing (chunk optimization SplitChunksPlugin)
[2K[1A[2K[G[76%] sealing (chunk optimization RemoveEmptyChunksPlugin)
[2K[1A[2K[G[76%] sealing (chunk optimization)
[2K[1A[2K[G[76%] sealing (after chunk optimization)
[2K[1A[2K[G[77%] sealing (module and chunk tree optimization)
[2K[1A[2K[G[77%] sealing (module and chunk tree optimization PersistentChildCompilerSinglet
onPlugin)
[2K[1A[2K[1A[2K[G[77%] sealing (module and chunk tree optimization)
[2K[1A[2K[G[78%] sealing (after module and chunk tree optimization)
[2K[1A[2K[G[78%] sealing (chunk modules optimization)
[2K[1A[2K[G[79%] sealing (after chunk modules optimization)
[2K[1A[2K[G[80%] sealing (module reviving)
[2K[1A[2K[G[80%] sealing (module reviving RecordIdsPlugin)
[2K[1A[2K[G[80%] sealing (module reviving)
[2K[1A[2K[G[80%] sealing (before module ids)
[2K[1A[2K[G[81%] sealing (module ids)
[2K[1A[2K[G[81%] sealing (module ids NamedModuleIdsPlugin)
[2K[1A[2K[G[81%] sealing (module ids)
[2K[1A[2K[G[82%] sealing (module id optimization)
[2K[1A[2K[G[82%] sealing (module id optimization)
[2K[1A[2K[G[83%] sealing (chunk reviving)
[2K[1A[2K[G[83%] sealing (chunk reviving RecordIdsPlugin)
[2K[1A[2K[G[83%] sealing (chunk reviving)
[2K[1A[2K[G[83%] sealing (before chunk ids)
[2K[1A[2K[G[84%] sealing (chunk ids)
[2K[1A[2K[G[84%] sealing (chunk ids NamedChunkIdsPlugin)
[2K[1A[2K[G[84%] sealing (chunk ids)
[2K[1A[2K[G[85%] sealing (chunk id optimization)
[2K[1A[2K[G[85%] sealing (after chunk id optimization)
[2K[1A[2K[G[86%] sealing (record modules)
[2K[1A[2K[G[86%] sealing (record modules RecordIdsPlugin)
[2K[1A[2K[G[86%] sealing (record modules)
[2K[1A[2K[G[87%] sealing (record chunks)
[2K[1A[2K[G[87%] sealing (record chunks RecordIdsPlugin)
[2K[1A[2K[G[87%] sealing (record chunks)
[2K[1A[2K[G[87%] sealing (module hashing)
[2K[1A[2K[G[88%] sealing (code generation)
[2K[1A[2K[G[89%] sealing (runtime requirements)
[2K[1A[2K[G[89%] sealing (hashing)
[2K[1A[2K[G[90%] sealing (after hashing)
[2K[1A[2K[G[91%] sealing (record hash)
[2K[1A[2K[G[91%] sealing (module assets processing)
[2K[1A[2K[G[92%] sealing (chunk assets processing)
[2K[1A[2K[G[92%] sealing (asset processing)
[2K[1A[2K[G[92%] sealing (asset processing copy-webpack-plugin)
[2K[1A[2K[G[92%] sealing (asset processing HotModuleReplacementPlugin)
[2K[1A[2K[G[92%] sealing (asset processing ESLintWebpackPlugin_1)
[2K[1A[2K[G[92%] sealing (asset processing PersistentChildCompilerSingletonPlugin)
[2K[1A[2K[G[92%] sealing (asset processing HtmlWebpackPlugin)
[2K[1A[2K[G[92%] sealing (asset processing)
[2K[1A[2K[G[93%] sealing (after asset optimization)
[2K[1A[2K[G[94%] sealing (recording)
[2K[1A[2K[G[94%] sealing (recording HotModuleReplacementPlugin)
[2K[1A[2K[G[94%] sealing (recording)
[2K[1A[2K[G[94%] sealing (after seal)
[2K[1A[2K[G[95%] emitting (emit)
[2K[1A[2K[G[98%] emitting (after emit)
[2K[1A[2K[GBuild finished at 03:10:59 by 0.000s
[2K[1A[2K[GBuild finished at 03:10:59 by 0.000s
[2K[1A[2K[GBuild finished at 03:10:59 by 0.000s
[2K[1A[2K[G DONE  Compiled successfully in 314ms03:10:59

Build finished at 03:10:59 by 0.000s
[2K[1A[2K[G
  App running at:
  - Local:   http://localhost:8080/ 
  - Network: http://192.168.1.115:8080/

Build finished at 03:10:59 by 0.000s
[2K[1A[2K[GBuild finished at 03:10:59 by 0.000s
[2K[1A[2K[GBuild finished at 03:10:59 by 0.000s
[2K[1A[2K[GBuild finished at 03:10:59 by 0.000s
[2K[1A[2K[GBuild finished at 03:10:59 by 0.000s
[2K[1A[2K[GBuild finished at 03:10:59 by 0.000s
[2K[1A[2K[GBuild finished at 03:10:59 by 0.000s
[2K[1A[2K[GBuild finished at 03:10:59 by 0.000s
[2K[1A[2K[G WAIT  Compiling...03:11:04

Compiling...

[2K[1A[2K[G[1%] cache (end idle)
[2K[1A[2K[G[3%] setup (watch run)
[2K[1A[2K[G[3%] setup (watch run vue-loader-plugin)
[2K[1A[2K[G[3%] setup (watch run ESLintWebpackPlugin_1)
[2K[1A[2K[G[3%] setup (watch run webpack-dev-middleware)
[2K[1A[2K[G[3%] setup (watch run)
[2K[1A[2K[G[4%] setup (normal module factory)
[2K[1A[2K[G[4%] setup (normal module factory CaseSensitivePathsPlugin)
[2K[1A[2K[G[4%] setup (normal module factory)
[2K[1A[2K[G[5%] setup (context module factory)
[2K[1A[2K[G[6%] setup (before compile)
[2K[1A[2K[G[6%] setup (before compile ProgressPlugin)
[2K[1A[2K[G[6%] setup (before compile)
[2K[1A[2K[G[7%] setup (compile)
[2K[1A[2K[G[7%] setup (compile ExternalsPlugin)
[2K[1A[2K[G[7%] setup (compile)
[2K[1A[2K[G[8%] setup (compilation)
[2K[1A[2K[G[8%] setup (compilation CopyPlugin)
[2K[1A[2K[G[8%] setup (compilation ArrayPushCallbackChunkFormatPlugin)
[2K[1A[2K[G[8%] setup (compilation JsonpChunkLoadingPlugin)
[2K[1A[2K[G[8%] setup (compilation StartupChunkDependenciesPlugin)
[2K[1A[2K[G[8%] setup (compilation ImportScriptsChunkLoadingPlugin)
[2K[1A[2K[G[8%] setup (compilation FetchCompileWasmPlugin)
[2K[1A[2K[G[8%] setup (compilation FetchCompileAsyncWasmPlugin)
[2K[1A[2K[G[8%] setup (compilation WorkerPlugin)
[2K[1A[2K[G[8%] setup (compilation SplitChunksPlugin)
[2K[1A[2K[G[8%] setup (compilation ResolverCachePlugin)
[2K[1A[2K[G[8%] setup (compilation HtmlWebpackPlugin)
[2K[1A[2K[G[8%] setup (compilation)
[2K[1A[2K[G[9%] setup (compilation)
[2K[1A[2K[G[9%] setup (compilation vue-loader-plugin)
[2K[1A[2K[G[9%] setup (compilation DefinePlugin)
[2K[1A[2K[G[9%] setup (compilation ProgressPlugin)
[2K[1A[2K[G[9%] setup (compilation EntryPlugin)
[2K[1A[2K[G[9%] setup (compilation ChunkPrefetchPreloadPlugin)
[2K[1A[2K[G[9%] setup (compilation ModuleInfoHeaderPlugin)
[2K[1A[2K[G[9%] setup (compilation EvalSourceMapDevToolPlugin)
[2K[1A[2K[G[9%] setup (compilation JavascriptModulesPlugin)
[2K[1A[2K[G[9%] setup (compilation JsonModulesPlugin)
[2K[1A[2K[G[9%] setup (compilation AssetModulesPlugin)
[2K[1A[2K[G[9%] setup (compilation EntryPlugin)
[2K[1A[2K[G[9%] setup (compilation RuntimePlugin)
[2K[1A[2K[G[9%] setup (compilation InferAsyncModulesPlugin)
[2K[1A[2K[G[9%] setup (compilation DataUriPlugin)
[2K[1A[2K[G[9%] setup (compilation FileUriPlugin)
[2K[1A[2K[G[9%] setup (compilation CompatibilityPlugin)
[2K[1A[2K[G[9%] setup (compilation HarmonyModulesPlugin)
[2K[1A[2K[G[9%] setup (compilation AMDPlugin)
[2K[1A[2K[G[9%] setup (compilation RequireJsStuffPlugin)
[2K[1A[2K[G[9%] setup (compilation CommonJsPlugin)
[2K[1A[2K[G[9%] setup (compilation LoaderPlugin)
[2K[1A[2K[G[9%] setup (compilation NodeStuffPlugin)
[2K[1A[2K[G[9%] setup (compilation APIPlugin)
[2K[1A[2K[G[9%] setup (compilation ExportsInfoApiPlugin)
[2K[1A[2K[G[9%] setup (compilation WebpackIsIncludedPlugin)
[2K[1A[2K[G[9%] setup (compilation ConstPlugin)
[2K[1A[2K[G[9%] setup (compilation UseStrictPlugin)
[2K[1A[2K[G[9%] setup (compilation RequireIncludePlugin)
[2K[1A[2K[G[9%] setup (compilation RequireEnsurePlugin)
[2K[1A[2K[G[9%] setup (compilation RequireContextPlugin)
[2K[1A[2K[G[9%] setup (compilation ImportPlugin)
[2K[1A[2K[G[9%] setup (compilation ImportMetaContextPlugin)
[2K[1A[2K[G[9%] setup (compilation SystemPlugin)
[2K[1A[2K[G[9%] setup (compilation ImportMetaPlugin)
[2K[1A[2K[G[9%] setup (compilation URLPlugin)
[2K[1A[2K[G[9%] setup (compilation DefaultStatsFactoryPlugin)
[2K[1A[2K[G[9%] setup (compilation DefaultStatsPresetPlugin)
[2K[1A[2K[G[9%] setup (compilation DefaultStatsPrinterPlugin)
[2K[1A[2K[G[9%] setup (compilation JavascriptMetaInfoPlugin)
[2K[1A[2K[G[9%] setup (compilation EnsureChunkConditionsPlugin)
[2K[1A[2K[G[9%] setup (compilation RemoveEmptyChunksPlugin)
[2K[1A[2K[G[9%] setup (compilation MergeDuplicateChunksPlugin)
[2K[1A[2K[G[9%] setup (compilation SideEffectsFlagPlugin)
[2K[1A[2K[G[9%] setup (compilation FlagDependencyExportsPlugin)
[2K[1A[2K[G[9%] setup (compilation NamedModuleIdsPlugin)
[2K[1A[2K[G[9%] setup (compilation NamedChunkIdsPlugin)
[2K[1A[2K[G[9%] setup (compilation DefinePlugin)
[2K[1A[2K[G[9%] setup (compilation TemplatedPathPlugin)
[2K[1A[2K[G[9%] setup (compilation RecordIdsPlugin)
[2K[1A[2K[G[9%] setup (compilation WarnCaseSensitiveModulesPlugin)
[2K[1A[2K[G[9%] setup (compilation EntryPlugin)
[2K[1A[2K[G[9%] setup (compilation ProvidePlugin)
[2K[1A[2K[G[9%] setup (compilation HotModuleReplacementPlugin)
[2K[1A[2K[G[9%] setup (compilation ProgressPlugin)
[2K[1A[2K[G[9%] setup (compilation ESLintWebpackPlugin_1)
[2K[1A[2K[G[9%] setup (compilation)
[2K[1A[2K[G[10%] building 
[2K[1A[2K[G[10%] building (0/0 modules)
[2K[1A[2K[G[10%] building (import loader babel-loader/lib/index.js)
[2K[1A[2K[G[10%] building (0/4 modules)
[2K[1A[2K[G[24%] building (1/4 modules)
[2K[1A[2K[G[38%] building (18/4 modules)
[2K[1A[2K[G[51%] building (104/4 modules)
[2K[1A[2K[G[65%] building (175/32 modules)
[2K[1A[2K[G[65%] building 
[2K[1A[2K[G[69%] building (finish)
[2K[1A[2K[G[70%] sealing (finish module graph)
[2K[1A[2K[G[70%] sealing (finish module graph ResolverCachePlugin)
[2K[1A[2K[G[70%] sealing (finish module graph InferAsyncModulesPlugin)
[2K[1A[2K[G[70%] sealing (finish module graph FlagDependencyExportsPlugin)
[2K[1A[2K[G[70%] sealing (finish module graph ESLintWebpackPlugin_1)
[2K[1A[2K[G[70%] sealing (finish module graph)
[2K[1A[2K[G[71%] sealing (plugins)
[2K[1A[2K[G[71%] sealing (plugins WarnCaseSensitiveModulesPlugin)
[2K[1A[2K[G[71%] sealing (plugins)
[2K[1A[2K[G[71%] sealing (dependencies optimization)
[2K[1A[2K[G[71%] sealing (dependencies optimization SideEffectsFlagPlugin)
[2K[1A[2K[G[71%] sealing (dependencies optimization)
[2K[1A[2K[G[72%] sealing (after dependencies optimization)
[2K[1A[2K[G[73%] sealing (chunk graph)
[2K[1A[2K[G[73%] sealing (after chunk graph)
[2K[1A[2K[G[74%] sealing (optimizing)
[2K[1A[2K[G[74%] sealing (module optimization)
[2K[1A[2K[G[75%] sealing (after module optimization)
[2K[1A[2K[G[76%] sealing (chunk optimization)
[2K[1A[2K[G[76%] sealing (chunk optimization EnsureChunkConditionsPlugin)
[2K[1A[2K[G[76%] sealing (chunk optimization RemoveEmptyChunksPlugin)
[2K[1A[2K[G[76%] sealing (chunk optimization MergeDuplicateChunksPlugin)
[2K[1A[2K[G[76%] sealing (chunk optimization SplitChunksPlugin)
[2K[1A[2K[G[76%] sealing (chunk optimization RemoveEmptyChunksPlugin)
[2K[1A[2K[G[76%] sealing (chunk optimization)
[2K[1A[2K[G[76%] sealing (after chunk optimization)
[2K[1A[2K[G[77%] sealing (module and chunk tree optimization)
[2K[1A[2K[G[77%] sealing (module and chunk tree optimization PersistentChildCompilerSinglet
onPlugin)
[2K[1A[2K[1A[2K[G[77%] sealing (module and chunk tree optimization)
[2K[1A[2K[G[78%] sealing (after module and chunk tree optimization)
[2K[1A[2K[G[78%] sealing (chunk modules optimization)
[2K[1A[2K[G[79%] sealing (after chunk modules optimization)
[2K[1A[2K[G[80%] sealing (module reviving)
[2K[1A[2K[G[80%] sealing (module reviving RecordIdsPlugin)
[2K[1A[2K[G[80%] sealing (module reviving)
[2K[1A[2K[G[80%] sealing (before module ids)
[2K[1A[2K[G[81%] sealing (module ids)
[2K[1A[2K[G[81%] sealing (module ids NamedModuleIdsPlugin)
[2K[1A[2K[G[81%] sealing (module ids)
[2K[1A[2K[G[82%] sealing (module id optimization)
[2K[1A[2K[G[82%] sealing (module id optimization)
[2K[1A[2K[G[83%] sealing (chunk reviving)
[2K[1A[2K[G[83%] sealing (chunk reviving RecordIdsPlugin)
[2K[1A[2K[G[83%] sealing (chunk reviving)
[2K[1A[2K[G[83%] sealing (before chunk ids)
[2K[1A[2K[G[84%] sealing (chunk ids)
[2K[1A[2K[G[84%] sealing (chunk ids NamedChunkIdsPlugin)
[2K[1A[2K[G[84%] sealing (chunk ids)
[2K[1A[2K[G[85%] sealing (chunk id optimization)
[2K[1A[2K[G[85%] sealing (after chunk id optimization)
[2K[1A[2K[G[86%] sealing (record modules)
[2K[1A[2K[G[86%] sealing (record modules RecordIdsPlugin)
[2K[1A[2K[G[86%] sealing (record modules)
[2K[1A[2K[G[87%] sealing (record chunks)
[2K[1A[2K[G[87%] sealing (record chunks RecordIdsPlugin)
[2K[1A[2K[G[87%] sealing (record chunks)
[2K[1A[2K[G[87%] sealing (module hashing)
[2K[1A[2K[G[88%] sealing (code generation)
[2K[1A[2K[G[89%] sealing (runtime requirements)
[2K[1A[2K[G[89%] sealing (hashing)
[2K[1A[2K[G[90%] sealing (after hashing)
[2K[1A[2K[G[91%] sealing (record hash)
[2K[1A[2K[G[91%] sealing (module assets processing)
[2K[1A[2K[G[92%] sealing (chunk assets processing)
[2K[1A[2K[G[92%] sealing (asset processing)
[2K[1A[2K[G[92%] sealing (asset processing copy-webpack-plugin)
[2K[1A[2K[G[92%] sealing (asset processing HotModuleReplacementPlugin)
[2K[1A[2K[G[92%] sealing (asset processing ESLintWebpackPlugin_1)
[2K[1A[2K[G[92%] sealing (asset processing PersistentChildCompilerSingletonPlugin)
[2K[1A[2K[G[92%] sealing (asset processing HtmlWebpackPlugin)
[2K[1A[2K[G[92%] sealing (asset processing)
[2K[1A[2K[G[93%] sealing (after asset optimization)
[2K[1A[2K[G[94%] sealing (recording)
[2K[1A[2K[G[94%] sealing (recording HotModuleReplacementPlugin)
[2K[1A[2K[G[94%] sealing (recording)
[2K[1A[2K[G[94%] sealing (after seal)
[2K[1A[2K[G[95%] emitting (emit)
[2K[1A[2K[G[98%] emitting (after emit)
[2K[1A[2K[GBuild finished at 03:11:04 by 0.000s
[2K[1A[2K[GBuild finished at 03:11:04 by 0.000s
[2K[1A[2K[GBuild finished at 03:11:04 by 0.000s
[2K[1A[2K[G DONE  Compiled successfully in 97ms03:11:04

Build finished at 03:11:04 by 0.000s
[2K[1A[2K[G
  App running at:
  - Local:   http://localhost:8080/ 
  - Network: http://192.168.1.115:8080/

Build finished at 03:11:04 by 0.000s
[2K[1A[2K[GBuild finished at 03:11:04 by 0.000s
[2K[1A[2K[GBuild finished at 03:11:04 by 0.000s
[2K[1A[2K[GBuild finished at 03:11:04 by 0.000s
[2K[1A[2K[GBuild finished at 03:11:04 by 0.000s
[2K[1A[2K[GBuild finished at 03:11:04 by 0.000s
[2K[1A[2K[GBuild finished at 03:11:04 by 0.000s
[2K[1A[2K[GBuild finished at 03:11:04 by 0.000s
[2K[1A[2K[G WAIT  Compiling...03:11:20

Compiling...

[2K[1A[2K[G[1%] cache (end idle)
[2K[1A[2K[G[3%] setup (watch run)
[2K[1A[2K[G[3%] setup (watch run vue-loader-plugin)
[2K[1A[2K[G[3%] setup (watch run ESLintWebpackPlugin_1)
[2K[1A[2K[G[3%] setup (watch run webpack-dev-middleware)
[2K[1A[2K[G[3%] setup (watch run)
[2K[1A[2K[G[4%] setup (normal module factory)
[2K[1A[2K[G[4%] setup (normal module factory CaseSensitivePathsPlugin)
[2K[1A[2K[G[4%] setup (normal module factory)
[2K[1A[2K[G[5%] setup (context module factory)
[2K[1A[2K[G[6%] setup (before compile)
[2K[1A[2K[G[6%] setup (before compile ProgressPlugin)
[2K[1A[2K[G[6%] setup (before compile)
[2K[1A[2K[G[7%] setup (compile)
[2K[1A[2K[G[7%] setup (compile ExternalsPlugin)
[2K[1A[2K[G[7%] setup (compile)
[2K[1A[2K[G[8%] setup (compilation)
[2K[1A[2K[G[8%] setup (compilation CopyPlugin)
[2K[1A[2K[G[8%] setup (compilation ArrayPushCallbackChunkFormatPlugin)
[2K[1A[2K[G[8%] setup (compilation JsonpChunkLoadingPlugin)
[2K[1A[2K[G[8%] setup (compilation StartupChunkDependenciesPlugin)
[2K[1A[2K[G[8%] setup (compilation ImportScriptsChunkLoadingPlugin)
[2K[1A[2K[G[8%] setup (compilation FetchCompileWasmPlugin)
[2K[1A[2K[G[8%] setup (compilation FetchCompileAsyncWasmPlugin)
[2K[1A[2K[G[8%] setup (compilation WorkerPlugin)
[2K[1A[2K[G[8%] setup (compilation SplitChunksPlugin)
[2K[1A[2K[G[8%] setup (compilation ResolverCachePlugin)
[2K[1A[2K[G[8%] setup (compilation HtmlWebpackPlugin)
[2K[1A[2K[G[8%] setup (compilation)
[2K[1A[2K[G[9%] setup (compilation)
[2K[1A[2K[G[9%] setup (compilation vue-loader-plugin)
[2K[1A[2K[G[9%] setup (compilation DefinePlugin)
[2K[1A[2K[G[9%] setup (compilation ProgressPlugin)
[2K[1A[2K[G[9%] setup (compilation EntryPlugin)
[2K[1A[2K[G[9%] setup (compilation ChunkPrefetchPreloadPlugin)
[2K[1A[2K[G[9%] setup (compilation ModuleInfoHeaderPlugin)
[2K[1A[2K[G[9%] setup (compilation EvalSourceMapDevToolPlugin)
[2K[1A[2K[G[9%] setup (compilation JavascriptModulesPlugin)
[2K[1A[2K[G[9%] setup (compilation JsonModulesPlugin)
[2K[1A[2K[G[9%] setup (compilation AssetModulesPlugin)
[2K[1A[2K[G[9%] setup (compilation EntryPlugin)
[2K[1A[2K[G[9%] setup (compilation RuntimePlugin)
[2K[1A[2K[G[9%] setup (compilation InferAsyncModulesPlugin)
[2K[1A[2K[G[9%] setup (compilation DataUriPlugin)
[2K[1A[2K[G[9%] setup (compilation FileUriPlugin)
[2K[1A[2K[G[9%] setup (compilation CompatibilityPlugin)
[2K[1A[2K[G[9%] setup (compilation HarmonyModulesPlugin)
[2K[1A[2K[G[9%] setup (compilation AMDPlugin)
[2K[1A[2K[G[9%] setup (compilation RequireJsStuffPlugin)
[2K[1A[2K[G[9%] setup (compilation CommonJsPlugin)
[2K[1A[2K[G[9%] setup (compilation LoaderPlugin)
[2K[1A[2K[G[9%] setup (compilation NodeStuffPlugin)
[2K[1A[2K[G[9%] setup (compilation APIPlugin)
[2K[1A[2K[G[9%] setup (compilation ExportsInfoApiPlugin)
[2K[1A[2K[G[9%] setup (compilation WebpackIsIncludedPlugin)
[2K[1A[2K[G[9%] setup (compilation ConstPlugin)
[2K[1A[2K[G[9%] setup (compilation UseStrictPlugin)
[2K[1A[2K[G[9%] setup (compilation RequireIncludePlugin)
[2K[1A[2K[G[9%] setup (compilation RequireEnsurePlugin)
[2K[1A[2K[G[9%] setup (compilation RequireContextPlugin)
[2K[1A[2K[G[9%] setup (compilation ImportPlugin)
[2K[1A[2K[G[9%] setup (compilation ImportMetaContextPlugin)
[2K[1A[2K[G[9%] setup (compilation SystemPlugin)
[2K[1A[2K[G[9%] setup (compilation ImportMetaPlugin)
[2K[1A[2K[G[9%] setup (compilation URLPlugin)
[2K[1A[2K[G[9%] setup (compilation DefaultStatsFactoryPlugin)
[2K[1A[2K[G[9%] setup (compilation DefaultStatsPresetPlugin)
[2K[1A[2K[G[9%] setup (compilation DefaultStatsPrinterPlugin)
[2K[1A[2K[G[9%] setup (compilation JavascriptMetaInfoPlugin)
[2K[1A[2K[G[9%] setup (compilation EnsureChunkConditionsPlugin)
[2K[1A[2K[G[9%] setup (compilation RemoveEmptyChunksPlugin)
[2K[1A[2K[G[9%] setup (compilation MergeDuplicateChunksPlugin)
[2K[1A[2K[G[9%] setup (compilation SideEffectsFlagPlugin)
[2K[1A[2K[G[9%] setup (compilation FlagDependencyExportsPlugin)
[2K[1A[2K[G[9%] setup (compilation NamedModuleIdsPlugin)
[2K[1A[2K[G[9%] setup (compilation NamedChunkIdsPlugin)
[2K[1A[2K[G[9%] setup (compilation DefinePlugin)
[2K[1A[2K[G[9%] setup (compilation TemplatedPathPlugin)
[2K[1A[2K[G[9%] setup (compilation RecordIdsPlugin)
[2K[1A[2K[G[9%] setup (compilation WarnCaseSensitiveModulesPlugin)
[2K[1A[2K[G[9%] setup (compilation EntryPlugin)
[2K[1A[2K[G[9%] setup (compilation ProvidePlugin)
[2K[1A[2K[G[9%] setup (compilation HotModuleReplacementPlugin)
[2K[1A[2K[G[9%] setup (compilation ProgressPlugin)
[2K[1A[2K[G[9%] setup (compilation ESLintWebpackPlugin_1)
[2K[1A[2K[G[9%] setup (compilation)
[2K[1A[2K[G[10%] building 
[2K[1A[2K[G[10%] building (0/0 modules)
[2K[1A[2K[G[24%] building (1/4 modules)
[2K[1A[2K[G[38%] building (34/8 modules)
[2K[1A[2K[G[51%] building (149/16 modules)
[2K[1A[2K[G[51%] building (import loader vue-loader/dist/index.js)
[2K[1A[2K[G[51%] building (160/21 modules)
[2K[1A[2K[G[51%] building (import loader babel-loader/lib/index.js)
[2K[1A[2K[G[51%] building (import loader vue-loader/dist/templateLoader.js)
[2K[1A[2K[G[51%] building (160/28 modules)
[2K[1A[2K[G[51%] building (import loader css-loader/dist/cjs.js)
[2K[1A[2K[G[51%] building (import loader vue-loader/dist/stylePostLoader.js)
[2K[1A[2K[G[51%] building (import loader postcss-loader/dist/cjs.js)
[2K[1A[2K[G[51%] building (160/29 modules)
[2K[1A[2K[G[65%] building (175/32 modules)
[2K[1A[2K[G[65%] building 
[2K[1A[2K[G[69%] building (finish)
[2K[1A[2K[G[70%] sealing (finish module graph)
[2K[1A[2K[G[70%] sealing (finish module graph ResolverCachePlugin)
[2K[1A[2K[G[70%] sealing (finish module graph InferAsyncModulesPlugin)
[2K[1A[2K[G[70%] sealing (finish module graph FlagDependencyExportsPlugin)
[2K[1A[2K[G[70%] sealing (finish module graph ESLintWebpackPlugin_1)
[2K[1A[2K[G[70%] sealing (finish module graph)
[2K[1A[2K[G[71%] sealing (plugins)
[2K[1A[2K[G[71%] sealing (plugins WarnCaseSensitiveModulesPlugin)
[2K[1A[2K[G[71%] sealing (plugins)
[2K[1A[2K[G[71%] sealing (dependencies optimization)
[2K[1A[2K[G[71%] sealing (dependencies optimization SideEffectsFlagPlugin)
[2K[1A[2K[G[71%] sealing (dependencies optimization)
[2K[1A[2K[G[72%] sealing (after dependencies optimization)
[2K[1A[2K[G[73%] sealing (chunk graph)
[2K[1A[2K[G[73%] sealing (after chunk graph)
[2K[1A[2K[G[74%] sealing (optimizing)
[2K[1A[2K[G[74%] sealing (module optimization)
[2K[1A[2K[G[75%] sealing (after module optimization)
[2K[1A[2K[G[76%] sealing (chunk optimization)
[2K[1A[2K[G[76%] sealing (chunk optimization EnsureChunkConditionsPlugin)
[2K[1A[2K[G[76%] sealing (chunk optimization RemoveEmptyChunksPlugin)
[2K[1A[2K[G[76%] sealing (chunk optimization MergeDuplicateChunksPlugin)
[2K[1A[2K[G[76%] sealing (chunk optimization SplitChunksPlugin)
[2K[1A[2K[G[76%] sealing (chunk optimization RemoveEmptyChunksPlugin)
[2K[1A[2K[G[76%] sealing (chunk optimization)
[2K[1A[2K[G[76%] sealing (after chunk optimization)
[2K[1A[2K[G[77%] sealing (module and chunk tree optimization)
[2K[1A[2K[G[77%] sealing (module and chunk tree optimization PersistentChildCompilerSinglet
onPlugin)
[2K[1A[2K[1A[2K[G[77%] sealing (module and chunk tree optimization)
[2K[1A[2K[G[78%] sealing (after module and chunk tree optimization)
[2K[1A[2K[G[78%] sealing (chunk modules optimization)
[2K[1A[2K[G[79%] sealing (after chunk modules optimization)
[2K[1A[2K[G[80%] sealing (module reviving)
[2K[1A[2K[G[80%] sealing (module reviving RecordIdsPlugin)
[2K[1A[2K[G[80%] sealing (module reviving)
[2K[1A[2K[G[80%] sealing (before module ids)
[2K[1A[2K[G[81%] sealing (module ids)
[2K[1A[2K[G[81%] sealing (module ids NamedModuleIdsPlugin)
[2K[1A[2K[G[81%] sealing (module ids)
[2K[1A[2K[G[82%] sealing (module id optimization)
[2K[1A[2K[G[82%] sealing (module id optimization)
[2K[1A[2K[G[83%] sealing (chunk reviving)
[2K[1A[2K[G[83%] sealing (chunk reviving RecordIdsPlugin)
[2K[1A[2K[G[83%] sealing (chunk reviving)
[2K[1A[2K[G[83%] sealing (before chunk ids)
[2K[1A[2K[G[84%] sealing (chunk ids)
[2K[1A[2K[G[84%] sealing (chunk ids NamedChunkIdsPlugin)
[2K[1A[2K[G[84%] sealing (chunk ids)
[2K[1A[2K[G[85%] sealing (chunk id optimization)
[2K[1A[2K[G[85%] sealing (after chunk id optimization)
[2K[1A[2K[G[86%] sealing (record modules)
[2K[1A[2K[G[86%] sealing (record modules RecordIdsPlugin)
[2K[1A[2K[G[86%] sealing (record modules)
[2K[1A[2K[G[87%] sealing (record chunks)
[2K[1A[2K[G[87%] sealing (record chunks RecordIdsPlugin)
[2K[1A[2K[G[87%] sealing (record chunks)
[2K[1A[2K[G[87%] sealing (module hashing)
[2K[1A[2K[G[88%] sealing (code generation)
[2K[1A[2K[G[89%] sealing (runtime requirements)
[2K[1A[2K[G[89%] sealing (hashing)
[2K[1A[2K[G[90%] sealing (after hashing)
[2K[1A[2K[G[91%] sealing (record hash)
[2K[1A[2K[G[91%] sealing (module assets processing)
[2K[1A[2K[G[92%] sealing (chunk assets processing)
[2K[1A[2K[G[92%] sealing (asset processing)
[2K[1A[2K[G[92%] sealing (asset processing copy-webpack-plugin)
[2K[1A[2K[G[92%] sealing (asset processing HotModuleReplacementPlugin)
[2K[1A[2K[G[92%] sealing (asset processing ESLintWebpackPlugin_1)
[2K[1A[2K[G[92%] sealing (asset processing PersistentChildCompilerSingletonPlugin)
[2K[1A[2K[G[92%] sealing (asset processing HtmlWebpackPlugin)
[2K[1A[2K[G[92%] sealing (asset processing)
[2K[1A[2K[G[93%] sealing (after asset optimization)
[2K[1A[2K[G[94%] sealing (recording)
[2K[1A[2K[G[94%] sealing (recording HotModuleReplacementPlugin)
[2K[1A[2K[G[94%] sealing (recording)
[2K[1A[2K[G[94%] sealing (after seal)
[2K[1A[2K[G[95%] emitting (emit)
[2K[1A[2K[G[98%] emitting (after emit)
[2K[1A[2K[GBuild finished at 03:11:20 by 0.000s
[2K[1A[2K[GBuild finished at 03:11:20 by 0.000s
[2K[1A[2K[GBuild finished at 03:11:20 by 0.000s
[2K[1A[2K[G DONE  Compiled successfully in 174ms03:11:20

Build finished at 03:11:20 by 0.000s
[2K[1A[2K[G
  App running at:
  - Local:   http://localhost:8080/ 
  - Network: http://192.168.1.115:8080/

Build finished at 03:11:20 by 0.000s
[2K[1A[2K[GBuild finished at 03:11:20 by 0.000s
[2K[1A[2K[GBuild finished at 03:11:20 by 0.000s
[2K[1A[2K[GBuild finished at 03:11:20 by 0.000s
[2K[1A[2K[GBuild finished at 03:11:20 by 0.000s
[2K[1A[2K[GBuild finished at 03:11:20 by 0.000s
[2K[1A[2K[GBuild finished at 03:11:20 by 0.000s
[2K[1A[2K[GBuild finished at 03:11:20 by 0.000s
[2K[1A[2K[G WAIT  Compiling...03:14:25

Compiling...

[2K[1A[2K[G[1%] cache (end idle)
[2K[1A[2K[G[3%] setup (watch run)
[2K[1A[2K[G[3%] setup (watch run vue-loader-plugin)
[2K[1A[2K[G[3%] setup (watch run ESLintWebpackPlugin_1)
[2K[1A[2K[G[3%] setup (watch run webpack-dev-middleware)
[2K[1A[2K[G[3%] setup (watch run)
[2K[1A[2K[G[4%] setup (normal module factory)
[2K[1A[2K[G[4%] setup (normal module factory CaseSensitivePathsPlugin)
[2K[1A[2K[G[4%] setup (normal module factory)
[2K[1A[2K[G[5%] setup (context module factory)
[2K[1A[2K[G[6%] setup (before compile)
[2K[1A[2K[G[6%] setup (before compile ProgressPlugin)
[2K[1A[2K[G[6%] setup (before compile)
[2K[1A[2K[G[7%] setup (compile)
[2K[1A[2K[G[7%] setup (compile ExternalsPlugin)
[2K[1A[2K[G[7%] setup (compile)
[2K[1A[2K[G[8%] setup (compilation)
[2K[1A[2K[G[8%] setup (compilation CopyPlugin)
[2K[1A[2K[G[8%] setup (compilation ArrayPushCallbackChunkFormatPlugin)
[2K[1A[2K[G[8%] setup (compilation JsonpChunkLoadingPlugin)
[2K[1A[2K[G[8%] setup (compilation StartupChunkDependenciesPlugin)
[2K[1A[2K[G[8%] setup (compilation ImportScriptsChunkLoadingPlugin)
[2K[1A[2K[G[8%] setup (compilation FetchCompileWasmPlugin)
[2K[1A[2K[G[8%] setup (compilation FetchCompileAsyncWasmPlugin)
[2K[1A[2K[G[8%] setup (compilation WorkerPlugin)
[2K[1A[2K[G[8%] setup (compilation SplitChunksPlugin)
[2K[1A[2K[G[8%] setup (compilation ResolverCachePlugin)
[2K[1A[2K[G[8%] setup (compilation HtmlWebpackPlugin)
[2K[1A[2K[G[8%] setup (compilation)
[2K[1A[2K[G[9%] setup (compilation)
[2K[1A[2K[G[9%] setup (compilation vue-loader-plugin)
[2K[1A[2K[G[9%] setup (compilation DefinePlugin)
[2K[1A[2K[G[9%] setup (compilation ProgressPlugin)
[2K[1A[2K[G[9%] setup (compilation EntryPlugin)
[2K[1A[2K[G[9%] setup (compilation ChunkPrefetchPreloadPlugin)
[2K[1A[2K[G[9%] setup (compilation ModuleInfoHeaderPlugin)
[2K[1A[2K[G[9%] setup (compilation EvalSourceMapDevToolPlugin)
[2K[1A[2K[G[9%] setup (compilation JavascriptModulesPlugin)
[2K[1A[2K[G[9%] setup (compilation JsonModulesPlugin)
[2K[1A[2K[G[9%] setup (compilation AssetModulesPlugin)
[2K[1A[2K[G[9%] setup (compilation EntryPlugin)
[2K[1A[2K[G[9%] setup (compilation RuntimePlugin)
[2K[1A[2K[G[9%] setup (compilation InferAsyncModulesPlugin)
[2K[1A[2K[G[9%] setup (compilation DataUriPlugin)
[2K[1A[2K[G[9%] setup (compilation FileUriPlugin)
[2K[1A[2K[G[9%] setup (compilation CompatibilityPlugin)
[2K[1A[2K[G[9%] setup (compilation HarmonyModulesPlugin)
[2K[1A[2K[G[9%] setup (compilation AMDPlugin)
[2K[1A[2K[G[9%] setup (compilation RequireJsStuffPlugin)
[2K[1A[2K[G[9%] setup (compilation CommonJsPlugin)
[2K[1A[2K[G[9%] setup (compilation LoaderPlugin)
[2K[1A[2K[G[9%] setup (compilation NodeStuffPlugin)
[2K[1A[2K[G[9%] setup (compilation APIPlugin)
[2K[1A[2K[G[9%] setup (compilation ExportsInfoApiPlugin)
[2K[1A[2K[G[9%] setup (compilation WebpackIsIncludedPlugin)
[2K[1A[2K[G[9%] setup (compilation ConstPlugin)
[2K[1A[2K[G[9%] setup (compilation UseStrictPlugin)
[2K[1A[2K[G[9%] setup (compilation RequireIncludePlugin)
[2K[1A[2K[G[9%] setup (compilation RequireEnsurePlugin)
[2K[1A[2K[G[9%] setup (compilation RequireContextPlugin)
[2K[1A[2K[G[9%] setup (compilation ImportPlugin)
[2K[1A[2K[G[9%] setup (compilation ImportMetaContextPlugin)
[2K[1A[2K[G[9%] setup (compilation SystemPlugin)
[2K[1A[2K[G[9%] setup (compilation ImportMetaPlugin)
[2K[1A[2K[G[9%] setup (compilation URLPlugin)
[2K[1A[2K[G[9%] setup (compilation DefaultStatsFactoryPlugin)
[2K[1A[2K[G[9%] setup (compilation DefaultStatsPresetPlugin)
[2K[1A[2K[G[9%] setup (compilation DefaultStatsPrinterPlugin)
[2K[1A[2K[G[9%] setup (compilation JavascriptMetaInfoPlugin)
[2K[1A[2K[G[9%] setup (compilation EnsureChunkConditionsPlugin)
[2K[1A[2K[G[9%] setup (compilation RemoveEmptyChunksPlugin)
[2K[1A[2K[G[9%] setup (compilation MergeDuplicateChunksPlugin)
[2K[1A[2K[G[9%] setup (compilation SideEffectsFlagPlugin)
[2K[1A[2K[G[9%] setup (compilation FlagDependencyExportsPlugin)
[2K[1A[2K[G[9%] setup (compilation NamedModuleIdsPlugin)
[2K[1A[2K[G[9%] setup (compilation NamedChunkIdsPlugin)
[2K[1A[2K[G[9%] setup (compilation DefinePlugin)
[2K[1A[2K[G[9%] setup (compilation TemplatedPathPlugin)
[2K[1A[2K[G[9%] setup (compilation RecordIdsPlugin)
[2K[1A[2K[G[9%] setup (compilation WarnCaseSensitiveModulesPlugin)
[2K[1A[2K[G[9%] setup (compilation EntryPlugin)
[2K[1A[2K[G[9%] setup (compilation ProvidePlugin)
[2K[1A[2K[G[9%] setup (compilation HotModuleReplacementPlugin)
[2K[1A[2K[G[9%] setup (compilation ProgressPlugin)
[2K[1A[2K[G[9%] setup (compilation ESLintWebpackPlugin_1)
[2K[1A[2K[G[9%] setup (compilation)
[2K[1A[2K[G[10%] building 
[2K[1A[2K[G[10%] building (0/0 modules)
[2K[1A[2K[G[24%] building (1/4 modules)
[2K[1A[2K[G[38%] building (21/5 modules)
[2K[1A[2K[G[51%] building (142/11 modules)
[2K[1A[2K[G[51%] building (import loader vue-loader/dist/index.js)
[2K[1A[2K[G[51%] building (155/13 modules)
[2K[1A[2K[G[51%] building (import loader babel-loader/lib/index.js)
[2K[1A[2K[G[51%] building (import loader vue-loader/dist/templateLoader.js)
[2K[1A[2K[G[51%] building (155/20 modules)
[2K[1A[2K[G[51%] building (import loader css-loader/dist/cjs.js)
[2K[1A[2K[G[51%] building (import loader vue-loader/dist/stylePostLoader.js)
[2K[1A[2K[G[51%] building (import loader postcss-loader/dist/cjs.js)
[2K[1A[2K[G[51%] building (155/21 modules)
[2K[1A[2K[G[65%] building (175/32 modules)
[2K[1A[2K[G[65%] building 
[2K[1A[2K[G[69%] building (finish)
[2K[1A[2K[G[70%] sealing (finish module graph)
[2K[1A[2K[G[70%] sealing (finish module graph ResolverCachePlugin)
[2K[1A[2K[G[70%] sealing (finish module graph InferAsyncModulesPlugin)
[2K[1A[2K[G[70%] sealing (finish module graph FlagDependencyExportsPlugin)
[2K[1A[2K[G[70%] sealing (finish module graph ESLintWebpackPlugin_1)
[2K[1A[2K[G[70%] sealing (finish module graph)
[2K[1A[2K[G[71%] sealing (plugins)
[2K[1A[2K[G[71%] sealing (plugins WarnCaseSensitiveModulesPlugin)
[2K[1A[2K[G[71%] sealing (plugins)
[2K[1A[2K[G[71%] sealing (dependencies optimization)
[2K[1A[2K[G[71%] sealing (dependencies optimization SideEffectsFlagPlugin)
[2K[1A[2K[G[71%] sealing (dependencies optimization)
[2K[1A[2K[G[72%] sealing (after dependencies optimization)
[2K[1A[2K[G[73%] sealing (chunk graph)
[2K[1A[2K[G[73%] sealing (after chunk graph)
[2K[1A[2K[G[74%] sealing (optimizing)
[2K[1A[2K[G[74%] sealing (module optimization)
[2K[1A[2K[G[75%] sealing (after module optimization)
[2K[1A[2K[G[76%] sealing (chunk optimization)
[2K[1A[2K[G[76%] sealing (chunk optimization EnsureChunkConditionsPlugin)
[2K[1A[2K[G[76%] sealing (chunk optimization RemoveEmptyChunksPlugin)
[2K[1A[2K[G[76%] sealing (chunk optimization MergeDuplicateChunksPlugin)
[2K[1A[2K[G[76%] sealing (chunk optimization SplitChunksPlugin)
[2K[1A[2K[G[76%] sealing (chunk optimization RemoveEmptyChunksPlugin)
[2K[1A[2K[G[76%] sealing (chunk optimization)
[2K[1A[2K[G[76%] sealing (after chunk optimization)
[2K[1A[2K[G[77%] sealing (module and chunk tree optimization)
[2K[1A[2K[G[77%] sealing (module and chunk tree optimization PersistentChildCompilerSinglet
onPlugin)
[2K[1A[2K[1A[2K[G[77%] sealing (module and chunk tree optimization)
[2K[1A[2K[G[78%] sealing (after module and chunk tree optimization)
[2K[1A[2K[G[78%] sealing (chunk modules optimization)
[2K[1A[2K[G[79%] sealing (after chunk modules optimization)
[2K[1A[2K[G[80%] sealing (module reviving)
[2K[1A[2K[G[80%] sealing (module reviving RecordIdsPlugin)
[2K[1A[2K[G[80%] sealing (module reviving)
[2K[1A[2K[G[80%] sealing (before module ids)
[2K[1A[2K[G[81%] sealing (module ids)
[2K[1A[2K[G[81%] sealing (module ids NamedModuleIdsPlugin)
[2K[1A[2K[G[81%] sealing (module ids)
[2K[1A[2K[G[82%] sealing (module id optimization)
[2K[1A[2K[G[82%] sealing (module id optimization)
[2K[1A[2K[G[83%] sealing (chunk reviving)
[2K[1A[2K[G[83%] sealing (chunk reviving RecordIdsPlugin)
[2K[1A[2K[G[83%] sealing (chunk reviving)
[2K[1A[2K[G[83%] sealing (before chunk ids)
[2K[1A[2K[G[84%] sealing (chunk ids)
[2K[1A[2K[G[84%] sealing (chunk ids NamedChunkIdsPlugin)
[2K[1A[2K[G[84%] sealing (chunk ids)
[2K[1A[2K[G[85%] sealing (chunk id optimization)
[2K[1A[2K[G[85%] sealing (after chunk id optimization)
[2K[1A[2K[G[86%] sealing (record modules)
[2K[1A[2K[G[86%] sealing (record modules RecordIdsPlugin)
[2K[1A[2K[G[86%] sealing (record modules)
[2K[1A[2K[G[87%] sealing (record chunks)
[2K[1A[2K[G[87%] sealing (record chunks RecordIdsPlugin)
[2K[1A[2K[G[87%] sealing (record chunks)
[2K[1A[2K[G[87%] sealing (module hashing)
[2K[1A[2K[G[88%] sealing (code generation)
[2K[1A[2K[G[89%] sealing (runtime requirements)
[2K[1A[2K[G[89%] sealing (hashing)
[2K[1A[2K[G[90%] sealing (after hashing)
[2K[1A[2K[G[91%] sealing (record hash)
[2K[1A[2K[G[91%] sealing (module assets processing)
[2K[1A[2K[G[92%] sealing (chunk assets processing)
[2K[1A[2K[G[92%] sealing (asset processing)
[2K[1A[2K[G[92%] sealing (asset processing copy-webpack-plugin)
[2K[1A[2K[G[92%] sealing (asset processing HotModuleReplacementPlugin)
[2K[1A[2K[G[92%] sealing (asset processing ESLintWebpackPlugin_1)
[2K[1A[2K[G[92%] sealing (asset processing PersistentChildCompilerSingletonPlugin)
[2K[1A[2K[G[92%] sealing (asset processing HtmlWebpackPlugin)
[2K[1A[2K[G[92%] sealing (asset processing)
[2K[1A[2K[G[93%] sealing (after asset optimization)
[2K[1A[2K[G[94%] sealing (recording)
[2K[1A[2K[G[94%] sealing (recording HotModuleReplacementPlugin)
[2K[1A[2K[G[94%] sealing (recording)
[2K[1A[2K[G[94%] sealing (after seal)
[2K[1A[2K[G[95%] emitting (emit)
[2K[1A[2K[G[98%] emitting (after emit)
[2K[1A[2K[GBuild finished at 03:14:25 by 0.000s
[2K[1A[2K[GBuild finished at 03:14:25 by 0.000s
[2K[1A[2K[GBuild finished at 03:14:25 by 0.000s
[2K[1A[2K[G DONE  Compiled successfully in 147ms03:14:25

Build finished at 03:14:25 by 0.000s
[2K[1A[2K[G
  App running at:
  - Local:   http://localhost:8080/ 
  - Network: http://192.168.1.115:8080/

Build finished at 03:14:25 by 0.000s
[2K[1A[2K[GBuild finished at 03:14:25 by 0.000s
[2K[1A[2K[GBuild finished at 03:14:25 by 0.000s
[2K[1A[2K[GBuild finished at 03:14:25 by 0.000s
[2K[1A[2K[GBuild finished at 03:14:25 by 0.000s
[2K[1A[2K[GBuild finished at 03:14:25 by 0.000s
[2K[1A[2K[GBuild finished at 03:14:25 by 0.000s
[2K[1A[2K[GBuild finished at 03:14:25 by 0.000s
[2K[1A[2K[G WAIT  Compiling...03:14:30

Compiling...

[2K[1A[2K[G[1%] cache (end idle)
[2K[1A[2K[G[3%] setup (watch run)
[2K[1A[2K[G[3%] setup (watch run vue-loader-plugin)
[2K[1A[2K[G[3%] setup (watch run ESLintWebpackPlugin_1)
[2K[1A[2K[G[3%] setup (watch run webpack-dev-middleware)
[2K[1A[2K[G[3%] setup (watch run)
[2K[1A[2K[G[4%] setup (normal module factory)
[2K[1A[2K[G[4%] setup (normal module factory CaseSensitivePathsPlugin)
[2K[1A[2K[G[4%] setup (normal module factory)
[2K[1A[2K[G[5%] setup (context module factory)
[2K[1A[2K[G[6%] setup (before compile)
[2K[1A[2K[G[6%] setup (before compile ProgressPlugin)
[2K[1A[2K[G[6%] setup (before compile)
[2K[1A[2K[G[7%] setup (compile)
[2K[1A[2K[G[7%] setup (compile ExternalsPlugin)
[2K[1A[2K[G[7%] setup (compile)
[2K[1A[2K[G[8%] setup (compilation)
[2K[1A[2K[G[8%] setup (compilation CopyPlugin)
[2K[1A[2K[G[8%] setup (compilation ArrayPushCallbackChunkFormatPlugin)
[2K[1A[2K[G[8%] setup (compilation JsonpChunkLoadingPlugin)
[2K[1A[2K[G[8%] setup (compilation StartupChunkDependenciesPlugin)
[2K[1A[2K[G[8%] setup (compilation ImportScriptsChunkLoadingPlugin)
[2K[1A[2K[G[8%] setup (compilation FetchCompileWasmPlugin)
[2K[1A[2K[G[8%] setup (compilation FetchCompileAsyncWasmPlugin)
[2K[1A[2K[G[8%] setup (compilation WorkerPlugin)
[2K[1A[2K[G[8%] setup (compilation SplitChunksPlugin)
[2K[1A[2K[G[8%] setup (compilation ResolverCachePlugin)
[2K[1A[2K[G[8%] setup (compilation HtmlWebpackPlugin)
[2K[1A[2K[G[8%] setup (compilation)
[2K[1A[2K[G[9%] setup (compilation)
[2K[1A[2K[G[9%] setup (compilation vue-loader-plugin)
[2K[1A[2K[G[9%] setup (compilation DefinePlugin)
[2K[1A[2K[G[9%] setup (compilation ProgressPlugin)
[2K[1A[2K[G[9%] setup (compilation EntryPlugin)
[2K[1A[2K[G[9%] setup (compilation ChunkPrefetchPreloadPlugin)
[2K[1A[2K[G[9%] setup (compilation ModuleInfoHeaderPlugin)
[2K[1A[2K[G[9%] setup (compilation EvalSourceMapDevToolPlugin)
[2K[1A[2K[G[9%] setup (compilation JavascriptModulesPlugin)
[2K[1A[2K[G[9%] setup (compilation JsonModulesPlugin)
[2K[1A[2K[G[9%] setup (compilation AssetModulesPlugin)
[2K[1A[2K[G[9%] setup (compilation EntryPlugin)
[2K[1A[2K[G[9%] setup (compilation RuntimePlugin)
[2K[1A[2K[G[9%] setup (compilation InferAsyncModulesPlugin)
[2K[1A[2K[G[9%] setup (compilation DataUriPlugin)
[2K[1A[2K[G[9%] setup (compilation FileUriPlugin)
[2K[1A[2K[G[9%] setup (compilation CompatibilityPlugin)
[2K[1A[2K[G[9%] setup (compilation HarmonyModulesPlugin)
[2K[1A[2K[G[9%] setup (compilation AMDPlugin)
[2K[1A[2K[G[9%] setup (compilation RequireJsStuffPlugin)
[2K[1A[2K[G[9%] setup (compilation CommonJsPlugin)
[2K[1A[2K[G[9%] setup (compilation LoaderPlugin)
[2K[1A[2K[G[9%] setup (compilation NodeStuffPlugin)
[2K[1A[2K[G[9%] setup (compilation APIPlugin)
[2K[1A[2K[G[9%] setup (compilation ExportsInfoApiPlugin)
[2K[1A[2K[G[9%] setup (compilation WebpackIsIncludedPlugin)
[2K[1A[2K[G[9%] setup (compilation ConstPlugin)
[2K[1A[2K[G[9%] setup (compilation UseStrictPlugin)
[2K[1A[2K[G[9%] setup (compilation RequireIncludePlugin)
[2K[1A[2K[G[9%] setup (compilation RequireEnsurePlugin)
[2K[1A[2K[G[9%] setup (compilation RequireContextPlugin)
[2K[1A[2K[G[9%] setup (compilation ImportPlugin)
[2K[1A[2K[G[9%] setup (compilation ImportMetaContextPlugin)
[2K[1A[2K[G[9%] setup (compilation SystemPlugin)
[2K[1A[2K[G[9%] setup (compilation ImportMetaPlugin)
[2K[1A[2K[G[9%] setup (compilation URLPlugin)
[2K[1A[2K[G[9%] setup (compilation DefaultStatsFactoryPlugin)
[2K[1A[2K[G[9%] setup (compilation DefaultStatsPresetPlugin)
[2K[1A[2K[G[9%] setup (compilation DefaultStatsPrinterPlugin)
[2K[1A[2K[G[9%] setup (compilation JavascriptMetaInfoPlugin)
[2K[1A[2K[G[9%] setup (compilation EnsureChunkConditionsPlugin)
[2K[1A[2K[G[9%] setup (compilation RemoveEmptyChunksPlugin)
[2K[1A[2K[G[9%] setup (compilation MergeDuplicateChunksPlugin)
[2K[1A[2K[G[9%] setup (compilation SideEffectsFlagPlugin)
[2K[1A[2K[G[9%] setup (compilation FlagDependencyExportsPlugin)
[2K[1A[2K[G[9%] setup (compilation NamedModuleIdsPlugin)
[2K[1A[2K[G[9%] setup (compilation NamedChunkIdsPlugin)
[2K[1A[2K[G[9%] setup (compilation DefinePlugin)
[2K[1A[2K[G[9%] setup (compilation TemplatedPathPlugin)
[2K[1A[2K[G[9%] setup (compilation RecordIdsPlugin)
[2K[1A[2K[G[9%] setup (compilation WarnCaseSensitiveModulesPlugin)
[2K[1A[2K[G[9%] setup (compilation EntryPlugin)
[2K[1A[2K[G[9%] setup (compilation ProvidePlugin)
[2K[1A[2K[G[9%] setup (compilation HotModuleReplacementPlugin)
[2K[1A[2K[G[9%] setup (compilation ProgressPlugin)
[2K[1A[2K[G[9%] setup (compilation ESLintWebpackPlugin_1)
[2K[1A[2K[G[9%] setup (compilation)
[2K[1A[2K[G[10%] building 
[2K[1A[2K[G[10%] building (0/0 modules)
[2K[1A[2K[G[24%] building (1/4 modules)
[2K[1A[2K[G[38%] building (34/8 modules)
[2K[1A[2K[G[51%] building (149/12 modules)
[2K[1A[2K[G[51%] building (import loader vue-loader/dist/index.js)
[2K[1A[2K[G[51%] building (149/13 modules)
[2K[1A[2K[G[51%] building (import loader babel-loader/lib/index.js)
[2K[1A[2K[G[51%] building (import loader vue-loader/dist/templateLoader.js)
[2K[1A[2K[G[51%] building (155/20 modules)
[2K[1A[2K[G[51%] building (import loader css-loader/dist/cjs.js)
[2K[1A[2K[G[51%] building (import loader vue-loader/dist/stylePostLoader.js)
[2K[1A[2K[G[51%] building (import loader postcss-loader/dist/cjs.js)
[2K[1A[2K[G[51%] building (155/21 modules)
[2K[1A[2K[G[65%] building (175/32 modules)
[2K[1A[2K[G[65%] building 
[2K[1A[2K[G[69%] building (finish)
[2K[1A[2K[G[70%] sealing (finish module graph)
[2K[1A[2K[G[70%] sealing (finish module graph ResolverCachePlugin)
[2K[1A[2K[G[70%] sealing (finish module graph InferAsyncModulesPlugin)
[2K[1A[2K[G[70%] sealing (finish module graph FlagDependencyExportsPlugin)
[2K[1A[2K[G[70%] sealing (finish module graph ESLintWebpackPlugin_1)
[2K[1A[2K[G[70%] sealing (finish module graph)
[2K[1A[2K[G[71%] sealing (plugins)
[2K[1A[2K[G[71%] sealing (plugins WarnCaseSensitiveModulesPlugin)
[2K[1A[2K[G[71%] sealing (plugins)
[2K[1A[2K[G[71%] sealing (dependencies optimization)
[2K[1A[2K[G[71%] sealing (dependencies optimization SideEffectsFlagPlugin)
[2K[1A[2K[G[71%] sealing (dependencies optimization)
[2K[1A[2K[G[72%] sealing (after dependencies optimization)
[2K[1A[2K[G[73%] sealing (chunk graph)
[2K[1A[2K[G[73%] sealing (after chunk graph)
[2K[1A[2K[G[74%] sealing (optimizing)
[2K[1A[2K[G[74%] sealing (module optimization)
[2K[1A[2K[G[75%] sealing (after module optimization)
[2K[1A[2K[G[76%] sealing (chunk optimization)
[2K[1A[2K[G[76%] sealing (chunk optimization EnsureChunkConditionsPlugin)
[2K[1A[2K[G[76%] sealing (chunk optimization RemoveEmptyChunksPlugin)
[2K[1A[2K[G[76%] sealing (chunk optimization MergeDuplicateChunksPlugin)
[2K[1A[2K[G[76%] sealing (chunk optimization SplitChunksPlugin)
[2K[1A[2K[G[76%] sealing (chunk optimization RemoveEmptyChunksPlugin)
[2K[1A[2K[G[76%] sealing (chunk optimization)
[2K[1A[2K[G[76%] sealing (after chunk optimization)
[2K[1A[2K[G[77%] sealing (module and chunk tree optimization)
[2K[1A[2K[G[77%] sealing (module and chunk tree optimization PersistentChildCompilerSinglet
onPlugin)
[2K[1A[2K[1A[2K[G[77%] sealing (module and chunk tree optimization)
[2K[1A[2K[G[78%] sealing (after module and chunk tree optimization)
[2K[1A[2K[G[78%] sealing (chunk modules optimization)
[2K[1A[2K[G[79%] sealing (after chunk modules optimization)
[2K[1A[2K[G[80%] sealing (module reviving)
[2K[1A[2K[G[80%] sealing (module reviving RecordIdsPlugin)
[2K[1A[2K[G[80%] sealing (module reviving)
[2K[1A[2K[G[80%] sealing (before module ids)
[2K[1A[2K[G[81%] sealing (module ids)
[2K[1A[2K[G[81%] sealing (module ids NamedModuleIdsPlugin)
[2K[1A[2K[G[81%] sealing (module ids)
[2K[1A[2K[G[82%] sealing (module id optimization)
[2K[1A[2K[G[82%] sealing (module id optimization)
[2K[1A[2K[G[83%] sealing (chunk reviving)
[2K[1A[2K[G[83%] sealing (chunk reviving RecordIdsPlugin)
[2K[1A[2K[G[83%] sealing (chunk reviving)
[2K[1A[2K[G[83%] sealing (before chunk ids)
[2K[1A[2K[G[84%] sealing (chunk ids)
[2K[1A[2K[G[84%] sealing (chunk ids NamedChunkIdsPlugin)
[2K[1A[2K[G[84%] sealing (chunk ids)
[2K[1A[2K[G[85%] sealing (chunk id optimization)
[2K[1A[2K[G[85%] sealing (after chunk id optimization)
[2K[1A[2K[G[86%] sealing (record modules)
[2K[1A[2K[G[86%] sealing (record modules RecordIdsPlugin)
[2K[1A[2K[G[86%] sealing (record modules)
[2K[1A[2K[G[87%] sealing (record chunks)
[2K[1A[2K[G[87%] sealing (record chunks RecordIdsPlugin)
[2K[1A[2K[G[87%] sealing (record chunks)
[2K[1A[2K[G[87%] sealing (module hashing)
[2K[1A[2K[G[88%] sealing (code generation)
[2K[1A[2K[G[89%] sealing (runtime requirements)
[2K[1A[2K[G[89%] sealing (hashing)
[2K[1A[2K[G[90%] sealing (after hashing)
[2K[1A[2K[G[91%] sealing (record hash)
[2K[1A[2K[G[91%] sealing (module assets processing)
[2K[1A[2K[G[92%] sealing (chunk assets processing)
[2K[1A[2K[G[92%] sealing (asset processing)
[2K[1A[2K[G[92%] sealing (asset processing copy-webpack-plugin)
[2K[1A[2K[G[92%] sealing (asset processing HotModuleReplacementPlugin)
[2K[1A[2K[G[92%] sealing (asset processing ESLintWebpackPlugin_1)
[2K[1A[2K[G[92%] sealing (asset processing PersistentChildCompilerSingletonPlugin)
[2K[1A[2K[G[92%] sealing (asset processing HtmlWebpackPlugin)
[2K[1A[2K[G[92%] sealing (asset processing)
[2K[1A[2K[G[93%] sealing (after asset optimization)
[2K[1A[2K[G[94%] sealing (recording)
[2K[1A[2K[G[94%] sealing (recording HotModuleReplacementPlugin)
[2K[1A[2K[G[94%] sealing (recording)
[2K[1A[2K[G[94%] sealing (after seal)
[2K[1A[2K[G[95%] emitting (emit)
[2K[1A[2K[G[98%] emitting (after emit)
[2K[1A[2K[GBuild finished at 03:14:31 by 0.000s
[2K[1A[2K[GBuild finished at 03:14:31 by 0.000s
[2K[1A[2K[GBuild finished at 03:14:31 by 0.000s
[2K[1A[2K[G DONE  Compiled successfully in 148ms03:14:31

Build finished at 03:14:31 by 0.000s
[2K[1A[2K[G
  App running at:
  - Local:   http://localhost:8080/ 
  - Network: http://192.168.1.115:8080/

Build finished at 03:14:31 by 0.000s
[2K[1A[2K[GBuild finished at 03:14:31 by 0.000s
[2K[1A[2K[GBuild finished at 03:14:31 by 0.000s
[2K[1A[2K[GBuild finished at 03:14:31 by 0.000s
[2K[1A[2K[GBuild finished at 03:14:31 by 0.000s
[2K[1A[2K[GBuild finished at 03:14:31 by 0.000s
[2K[1A[2K[GBuild finished at 03:14:31 by 0.000s
[2K[1A[2K[GBuild finished at 03:14:31 by 0.000s
[2K[1A[2K[G WAIT  Compiling...03:14:33

Compiling...

[2K[1A[2K[G[1%] cache (end idle)
[2K[1A[2K[G[3%] setup (watch run)
[2K[1A[2K[G[3%] setup (watch run vue-loader-plugin)
[2K[1A[2K[G[3%] setup (watch run ESLintWebpackPlugin_1)
[2K[1A[2K[G[3%] setup (watch run webpack-dev-middleware)
[2K[1A[2K[G[3%] setup (watch run)
[2K[1A[2K[G[4%] setup (normal module factory)
[2K[1A[2K[G[4%] setup (normal module factory CaseSensitivePathsPlugin)
[2K[1A[2K[G[4%] setup (normal module factory)
[2K[1A[2K[G[5%] setup (context module factory)
[2K[1A[2K[G[6%] setup (before compile)
[2K[1A[2K[G[6%] setup (before compile ProgressPlugin)
[2K[1A[2K[G[6%] setup (before compile)
[2K[1A[2K[G[7%] setup (compile)
[2K[1A[2K[G[7%] setup (compile ExternalsPlugin)
[2K[1A[2K[G[7%] setup (compile)
[2K[1A[2K[G[8%] setup (compilation)
[2K[1A[2K[G[8%] setup (compilation CopyPlugin)
[2K[1A[2K[G[8%] setup (compilation ArrayPushCallbackChunkFormatPlugin)
[2K[1A[2K[G[8%] setup (compilation JsonpChunkLoadingPlugin)
[2K[1A[2K[G[8%] setup (compilation StartupChunkDependenciesPlugin)
[2K[1A[2K[G[8%] setup (compilation ImportScriptsChunkLoadingPlugin)
[2K[1A[2K[G[8%] setup (compilation FetchCompileWasmPlugin)
[2K[1A[2K[G[8%] setup (compilation FetchCompileAsyncWasmPlugin)
[2K[1A[2K[G[8%] setup (compilation WorkerPlugin)
[2K[1A[2K[G[8%] setup (compilation SplitChunksPlugin)
[2K[1A[2K[G[8%] setup (compilation ResolverCachePlugin)
[2K[1A[2K[G[8%] setup (compilation HtmlWebpackPlugin)
[2K[1A[2K[G[8%] setup (compilation)
[2K[1A[2K[G[9%] setup (compilation)
[2K[1A[2K[G[9%] setup (compilation vue-loader-plugin)
[2K[1A[2K[G[9%] setup (compilation DefinePlugin)
[2K[1A[2K[G[9%] setup (compilation ProgressPlugin)
[2K[1A[2K[G[9%] setup (compilation EntryPlugin)
[2K[1A[2K[G[9%] setup (compilation ChunkPrefetchPreloadPlugin)
[2K[1A[2K[G[9%] setup (compilation ModuleInfoHeaderPlugin)
[2K[1A[2K[G[9%] setup (compilation EvalSourceMapDevToolPlugin)
[2K[1A[2K[G[9%] setup (compilation JavascriptModulesPlugin)
[2K[1A[2K[G[9%] setup (compilation JsonModulesPlugin)
[2K[1A[2K[G[9%] setup (compilation AssetModulesPlugin)
[2K[1A[2K[G[9%] setup (compilation EntryPlugin)
[2K[1A[2K[G[9%] setup (compilation RuntimePlugin)
[2K[1A[2K[G[9%] setup (compilation InferAsyncModulesPlugin)
[2K[1A[2K[G[9%] setup (compilation DataUriPlugin)
[2K[1A[2K[G[9%] setup (compilation FileUriPlugin)
[2K[1A[2K[G[9%] setup (compilation CompatibilityPlugin)
[2K[1A[2K[G[9%] setup (compilation HarmonyModulesPlugin)
[2K[1A[2K[G[9%] setup (compilation AMDPlugin)
[2K[1A[2K[G[9%] setup (compilation RequireJsStuffPlugin)
[2K[1A[2K[G[9%] setup (compilation CommonJsPlugin)
[2K[1A[2K[G[9%] setup (compilation LoaderPlugin)
[2K[1A[2K[G[9%] setup (compilation NodeStuffPlugin)
[2K[1A[2K[G[9%] setup (compilation APIPlugin)
[2K[1A[2K[G[9%] setup (compilation ExportsInfoApiPlugin)
[2K[1A[2K[G[9%] setup (compilation WebpackIsIncludedPlugin)
[2K[1A[2K[G[9%] setup (compilation ConstPlugin)
[2K[1A[2K[G[9%] setup (compilation UseStrictPlugin)
[2K[1A[2K[G[9%] setup (compilation RequireIncludePlugin)
[2K[1A[2K[G[9%] setup (compilation RequireEnsurePlugin)
[2K[1A[2K[G[9%] setup (compilation RequireContextPlugin)
[2K[1A[2K[G[9%] setup (compilation ImportPlugin)
[2K[1A[2K[G[9%] setup (compilation ImportMetaContextPlugin)
[2K[1A[2K[G[9%] setup (compilation SystemPlugin)
[2K[1A[2K[G[9%] setup (compilation ImportMetaPlugin)
[2K[1A[2K[G[9%] setup (compilation URLPlugin)
[2K[1A[2K[G[9%] setup (compilation DefaultStatsFactoryPlugin)
[2K[1A[2K[G[9%] setup (compilation DefaultStatsPresetPlugin)
[2K[1A[2K[G[9%] setup (compilation DefaultStatsPrinterPlugin)
[2K[1A[2K[G[9%] setup (compilation JavascriptMetaInfoPlugin)
[2K[1A[2K[G[9%] setup (compilation EnsureChunkConditionsPlugin)
[2K[1A[2K[G[9%] setup (compilation RemoveEmptyChunksPlugin)
[2K[1A[2K[G[9%] setup (compilation MergeDuplicateChunksPlugin)
[2K[1A[2K[G[9%] setup (compilation SideEffectsFlagPlugin)
[2K[1A[2K[G[9%] setup (compilation FlagDependencyExportsPlugin)
[2K[1A[2K[G[9%] setup (compilation NamedModuleIdsPlugin)
[2K[1A[2K[G[9%] setup (compilation NamedChunkIdsPlugin)
[2K[1A[2K[G[9%] setup (compilation DefinePlugin)
[2K[1A[2K[G[9%] setup (compilation TemplatedPathPlugin)
[2K[1A[2K[G[9%] setup (compilation RecordIdsPlugin)
[2K[1A[2K[G[9%] setup (compilation WarnCaseSensitiveModulesPlugin)
[2K[1A[2K[G[9%] setup (compilation EntryPlugin)
[2K[1A[2K[G[9%] setup (compilation ProvidePlugin)
[2K[1A[2K[G[9%] setup (compilation HotModuleReplacementPlugin)
[2K[1A[2K[G[9%] setup (compilation ProgressPlugin)
[2K[1A[2K[G[9%] setup (compilation ESLintWebpackPlugin_1)
[2K[1A[2K[G[9%] setup (compilation)
[2K[1A[2K[G[10%] building 
[2K[1A[2K[G[10%] building (0/0 modules)
[2K[1A[2K[G[24%] building (1/4 modules)
[2K[1A[2K[G[38%] building (34/8 modules)
[2K[1A[2K[G[51%] building (149/12 modules)
[2K[1A[2K[G[51%] building (import loader vue-loader/dist/index.js)
[2K[1A[2K[G[51%] building (149/13 modules)
[2K[1A[2K[G[51%] building (import loader babel-loader/lib/index.js)
[2K[1A[2K[G[51%] building (import loader vue-loader/dist/templateLoader.js)
[2K[1A[2K[G[51%] building (155/20 modules)
[2K[1A[2K[G[51%] building (import loader css-loader/dist/cjs.js)
[2K[1A[2K[G[51%] building (import loader vue-loader/dist/stylePostLoader.js)
[2K[1A[2K[G[51%] building (import loader postcss-loader/dist/cjs.js)
[2K[1A[2K[G[51%] building (155/21 modules)
[2K[1A[2K[G[65%] building (175/32 modules)
[2K[1A[2K[G[65%] building 
[2K[1A[2K[G[69%] building (finish)
[2K[1A[2K[G[70%] sealing (finish module graph)
[2K[1A[2K[G[70%] sealing (finish module graph ResolverCachePlugin)
[2K[1A[2K[G[70%] sealing (finish module graph InferAsyncModulesPlugin)
[2K[1A[2K[G[70%] sealing (finish module graph FlagDependencyExportsPlugin)
[2K[1A[2K[G[70%] sealing (finish module graph ESLintWebpackPlugin_1)
[2K[1A[2K[G[70%] sealing (finish module graph)
[2K[1A[2K[G[71%] sealing (plugins)
[2K[1A[2K[G[71%] sealing (plugins WarnCaseSensitiveModulesPlugin)
[2K[1A[2K[G[71%] sealing (plugins)
[2K[1A[2K[G[71%] sealing (dependencies optimization)
[2K[1A[2K[G[71%] sealing (dependencies optimization SideEffectsFlagPlugin)
[2K[1A[2K[G[71%] sealing (dependencies optimization)
[2K[1A[2K[G[72%] sealing (after dependencies optimization)
[2K[1A[2K[G[73%] sealing (chunk graph)
[2K[1A[2K[G[73%] sealing (after chunk graph)
[2K[1A[2K[G[74%] sealing (optimizing)
[2K[1A[2K[G[74%] sealing (module optimization)
[2K[1A[2K[G[75%] sealing (after module optimization)
[2K[1A[2K[G[76%] sealing (chunk optimization)
[2K[1A[2K[G[76%] sealing (chunk optimization EnsureChunkConditionsPlugin)
[2K[1A[2K[G[76%] sealing (chunk optimization RemoveEmptyChunksPlugin)
[2K[1A[2K[G[76%] sealing (chunk optimization MergeDuplicateChunksPlugin)
[2K[1A[2K[G[76%] sealing (chunk optimization SplitChunksPlugin)
[2K[1A[2K[G[76%] sealing (chunk optimization RemoveEmptyChunksPlugin)
[2K[1A[2K[G[76%] sealing (chunk optimization)
[2K[1A[2K[G[76%] sealing (after chunk optimization)
[2K[1A[2K[G[77%] sealing (module and chunk tree optimization)
[2K[1A[2K[G[77%] sealing (module and chunk tree optimization PersistentChildCompilerSinglet
onPlugin)
[2K[1A[2K[1A[2K[G[77%] sealing (module and chunk tree optimization)
[2K[1A[2K[G[78%] sealing (after module and chunk tree optimization)
[2K[1A[2K[G[78%] sealing (chunk modules optimization)
[2K[1A[2K[G[79%] sealing (after chunk modules optimization)
[2K[1A[2K[G[80%] sealing (module reviving)
[2K[1A[2K[G[80%] sealing (module reviving RecordIdsPlugin)
[2K[1A[2K[G[80%] sealing (module reviving)
[2K[1A[2K[G[80%] sealing (before module ids)
[2K[1A[2K[G[81%] sealing (module ids)
[2K[1A[2K[G[81%] sealing (module ids NamedModuleIdsPlugin)
[2K[1A[2K[G[81%] sealing (module ids)
[2K[1A[2K[G[82%] sealing (module id optimization)
[2K[1A[2K[G[82%] sealing (module id optimization)
[2K[1A[2K[G[83%] sealing (chunk reviving)
[2K[1A[2K[G[83%] sealing (chunk reviving RecordIdsPlugin)
[2K[1A[2K[G[83%] sealing (chunk reviving)
[2K[1A[2K[G[83%] sealing (before chunk ids)
[2K[1A[2K[G[84%] sealing (chunk ids)
[2K[1A[2K[G[84%] sealing (chunk ids NamedChunkIdsPlugin)
[2K[1A[2K[G[84%] sealing (chunk ids)
[2K[1A[2K[G[85%] sealing (chunk id optimization)
[2K[1A[2K[G[85%] sealing (after chunk id optimization)
[2K[1A[2K[G[86%] sealing (record modules)
[2K[1A[2K[G[86%] sealing (record modules RecordIdsPlugin)
[2K[1A[2K[G[86%] sealing (record modules)
[2K[1A[2K[G[87%] sealing (record chunks)
[2K[1A[2K[G[87%] sealing (record chunks RecordIdsPlugin)
[2K[1A[2K[G[87%] sealing (record chunks)
[2K[1A[2K[G[87%] sealing (module hashing)
[2K[1A[2K[G[88%] sealing (code generation)
[2K[1A[2K[G[89%] sealing (runtime requirements)
[2K[1A[2K[G[89%] sealing (hashing)
[2K[1A[2K[G[90%] sealing (after hashing)
[2K[1A[2K[G[91%] sealing (record hash)
[2K[1A[2K[G[91%] sealing (module assets processing)
[2K[1A[2K[G[92%] sealing (chunk assets processing)
[2K[1A[2K[G[92%] sealing (asset processing)
[2K[1A[2K[G[92%] sealing (asset processing copy-webpack-plugin)
[2K[1A[2K[G[92%] sealing (asset processing HotModuleReplacementPlugin)
[2K[1A[2K[G[92%] sealing (asset processing ESLintWebpackPlugin_1)
[2K[1A[2K[G[92%] sealing (asset processing PersistentChildCompilerSingletonPlugin)
[2K[1A[2K[G[92%] sealing (asset processing HtmlWebpackPlugin)
[2K[1A[2K[G[92%] sealing (asset processing)
[2K[1A[2K[G[93%] sealing (after asset optimization)
[2K[1A[2K[G[94%] sealing (recording)
[2K[1A[2K[G[94%] sealing (recording HotModuleReplacementPlugin)
[2K[1A[2K[G[94%] sealing (recording)
[2K[1A[2K[G[94%] sealing (after seal)
[2K[1A[2K[G[95%] emitting (emit)
[2K[1A[2K[G[98%] emitting (after emit)
[2K[1A[2K[GBuild finished at 03:14:34 by 0.000s
[2K[1A[2K[GBuild finished at 03:14:34 by 0.000s
[2K[1A[2K[GBuild finished at 03:14:34 by 0.000s
[2K[1A[2K[G DONE  Compiled successfully in 133ms03:14:34

Build finished at 03:14:34 by 0.000s
[2K[1A[2K[G
  App running at:
  - Local:   http://localhost:8080/ 
  - Network: http://192.168.1.115:8080/

Build finished at 03:14:34 by 0.000s
[2K[1A[2K[GBuild finished at 03:14:34 by 0.000s
[2K[1A[2K[GBuild finished at 03:14:34 by 0.000s
[2K[1A[2K[GBuild finished at 03:14:34 by 0.000s
[2K[1A[2K[GBuild finished at 03:14:34 by 0.000s
[2K[1A[2K[GBuild finished at 03:14:34 by 0.000s
[2K[1A[2K[GBuild finished at 03:14:34 by 0.000s
[2K[1A[2K[GBuild finished at 03:14:34 by 0.000s
[2K[1A[2K[G WAIT  Compiling...03:14:40

Compiling...

[2K[1A[2K[G[1%] cache (end idle)
[2K[1A[2K[G[3%] setup (watch run)
[2K[1A[2K[G[3%] setup (watch run vue-loader-plugin)
[2K[1A[2K[G[3%] setup (watch run ESLintWebpackPlugin_1)
[2K[1A[2K[G[3%] setup (watch run webpack-dev-middleware)
[2K[1A[2K[G[3%] setup (watch run)
[2K[1A[2K[G[4%] setup (normal module factory)
[2K[1A[2K[G[4%] setup (normal module factory CaseSensitivePathsPlugin)
[2K[1A[2K[G[4%] setup (normal module factory)
[2K[1A[2K[G[5%] setup (context module factory)
[2K[1A[2K[G[6%] setup (before compile)
[2K[1A[2K[G[6%] setup (before compile ProgressPlugin)
[2K[1A[2K[G[6%] setup (before compile)
[2K[1A[2K[G[7%] setup (compile)
[2K[1A[2K[G[7%] setup (compile ExternalsPlugin)
[2K[1A[2K[G[7%] setup (compile)
[2K[1A[2K[G[8%] setup (compilation)
[2K[1A[2K[G[8%] setup (compilation CopyPlugin)
[2K[1A[2K[G[8%] setup (compilation ArrayPushCallbackChunkFormatPlugin)
[2K[1A[2K[G[8%] setup (compilation JsonpChunkLoadingPlugin)
[2K[1A[2K[G[8%] setup (compilation StartupChunkDependenciesPlugin)
[2K[1A[2K[G[8%] setup (compilation ImportScriptsChunkLoadingPlugin)
[2K[1A[2K[G[8%] setup (compilation FetchCompileWasmPlugin)
[2K[1A[2K[G[8%] setup (compilation FetchCompileAsyncWasmPlugin)
[2K[1A[2K[G[8%] setup (compilation WorkerPlugin)
[2K[1A[2K[G[8%] setup (compilation SplitChunksPlugin)
[2K[1A[2K[G[8%] setup (compilation ResolverCachePlugin)
[2K[1A[2K[G[8%] setup (compilation HtmlWebpackPlugin)
[2K[1A[2K[G[8%] setup (compilation)
[2K[1A[2K[G[9%] setup (compilation)
[2K[1A[2K[G[9%] setup (compilation vue-loader-plugin)
[2K[1A[2K[G[9%] setup (compilation DefinePlugin)
[2K[1A[2K[G[9%] setup (compilation ProgressPlugin)
[2K[1A[2K[G[9%] setup (compilation EntryPlugin)
[2K[1A[2K[G[9%] setup (compilation ChunkPrefetchPreloadPlugin)
[2K[1A[2K[G[9%] setup (compilation ModuleInfoHeaderPlugin)
[2K[1A[2K[G[9%] setup (compilation EvalSourceMapDevToolPlugin)
[2K[1A[2K[G[9%] setup (compilation JavascriptModulesPlugin)
[2K[1A[2K[G[9%] setup (compilation JsonModulesPlugin)
[2K[1A[2K[G[9%] setup (compilation AssetModulesPlugin)
[2K[1A[2K[G[9%] setup (compilation EntryPlugin)
[2K[1A[2K[G[9%] setup (compilation RuntimePlugin)
[2K[1A[2K[G[9%] setup (compilation InferAsyncModulesPlugin)
[2K[1A[2K[G[9%] setup (compilation DataUriPlugin)
[2K[1A[2K[G[9%] setup (compilation FileUriPlugin)
[2K[1A[2K[G[9%] setup (compilation CompatibilityPlugin)
[2K[1A[2K[G[9%] setup (compilation HarmonyModulesPlugin)
[2K[1A[2K[G[9%] setup (compilation AMDPlugin)
[2K[1A[2K[G[9%] setup (compilation RequireJsStuffPlugin)
[2K[1A[2K[G[9%] setup (compilation CommonJsPlugin)
[2K[1A[2K[G[9%] setup (compilation LoaderPlugin)
[2K[1A[2K[G[9%] setup (compilation NodeStuffPlugin)
[2K[1A[2K[G[9%] setup (compilation APIPlugin)
[2K[1A[2K[G[9%] setup (compilation ExportsInfoApiPlugin)
[2K[1A[2K[G[9%] setup (compilation WebpackIsIncludedPlugin)
[2K[1A[2K[G[9%] setup (compilation ConstPlugin)
[2K[1A[2K[G[9%] setup (compilation UseStrictPlugin)
[2K[1A[2K[G[9%] setup (compilation RequireIncludePlugin)
[2K[1A[2K[G[9%] setup (compilation RequireEnsurePlugin)
[2K[1A[2K[G[9%] setup (compilation RequireContextPlugin)
[2K[1A[2K[G[9%] setup (compilation ImportPlugin)
[2K[1A[2K[G[9%] setup (compilation ImportMetaContextPlugin)
[2K[1A[2K[G[9%] setup (compilation SystemPlugin)
[2K[1A[2K[G[9%] setup (compilation ImportMetaPlugin)
[2K[1A[2K[G[9%] setup (compilation URLPlugin)
[2K[1A[2K[G[9%] setup (compilation DefaultStatsFactoryPlugin)
[2K[1A[2K[G[9%] setup (compilation DefaultStatsPresetPlugin)
[2K[1A[2K[G[9%] setup (compilation DefaultStatsPrinterPlugin)
[2K[1A[2K[G[9%] setup (compilation JavascriptMetaInfoPlugin)
[2K[1A[2K[G[9%] setup (compilation EnsureChunkConditionsPlugin)
[2K[1A[2K[G[9%] setup (compilation RemoveEmptyChunksPlugin)
[2K[1A[2K[G[9%] setup (compilation MergeDuplicateChunksPlugin)
[2K[1A[2K[G[9%] setup (compilation SideEffectsFlagPlugin)
[2K[1A[2K[G[9%] setup (compilation FlagDependencyExportsPlugin)
[2K[1A[2K[G[9%] setup (compilation NamedModuleIdsPlugin)
[2K[1A[2K[G[9%] setup (compilation NamedChunkIdsPlugin)
[2K[1A[2K[G[9%] setup (compilation DefinePlugin)
[2K[1A[2K[G[9%] setup (compilation TemplatedPathPlugin)
[2K[1A[2K[G[9%] setup (compilation RecordIdsPlugin)
[2K[1A[2K[G[9%] setup (compilation WarnCaseSensitiveModulesPlugin)
[2K[1A[2K[G[9%] setup (compilation EntryPlugin)
[2K[1A[2K[G[9%] setup (compilation ProvidePlugin)
[2K[1A[2K[G[9%] setup (compilation HotModuleReplacementPlugin)
[2K[1A[2K[G[9%] setup (compilation ProgressPlugin)
[2K[1A[2K[G[9%] setup (compilation ESLintWebpackPlugin_1)
[2K[1A[2K[G[9%] setup (compilation)
[2K[1A[2K[G[10%] building 
[2K[1A[2K[G[10%] building (0/0 modules)
[2K[1A[2K[G[24%] building (1/4 modules)
[2K[1A[2K[G[38%] building (34/8 modules)
[2K[1A[2K[G[51%] building (149/12 modules)
[2K[1A[2K[G[51%] building (import loader vue-loader/dist/index.js)
[2K[1A[2K[G[51%] building (149/13 modules)
[2K[1A[2K[G[51%] building (import loader babel-loader/lib/index.js)
[2K[1A[2K[G[51%] building (import loader vue-loader/dist/templateLoader.js)
[2K[1A[2K[G[51%] building (155/20 modules)
[2K[1A[2K[G[51%] building (import loader css-loader/dist/cjs.js)
[2K[1A[2K[G[51%] building (import loader vue-loader/dist/stylePostLoader.js)
[2K[1A[2K[G[51%] building (import loader postcss-loader/dist/cjs.js)
[2K[1A[2K[G[51%] building (155/21 modules)
[2K[1A[2K[G[65%] building (175/32 modules)
[2K[1A[2K[G[65%] building 
[2K[1A[2K[G[69%] building (finish)
[2K[1A[2K[G[70%] sealing (finish module graph)
[2K[1A[2K[G[70%] sealing (finish module graph ResolverCachePlugin)
[2K[1A[2K[G[70%] sealing (finish module graph InferAsyncModulesPlugin)
[2K[1A[2K[G[70%] sealing (finish module graph FlagDependencyExportsPlugin)
[2K[1A[2K[G[70%] sealing (finish module graph ESLintWebpackPlugin_1)
[2K[1A[2K[G[70%] sealing (finish module graph)
[2K[1A[2K[G[71%] sealing (plugins)
[2K[1A[2K[G[71%] sealing (plugins WarnCaseSensitiveModulesPlugin)
[2K[1A[2K[G[71%] sealing (plugins)
[2K[1A[2K[G[71%] sealing (dependencies optimization)
[2K[1A[2K[G[71%] sealing (dependencies optimization SideEffectsFlagPlugin)
[2K[1A[2K[G[71%] sealing (dependencies optimization)
[2K[1A[2K[G[72%] sealing (after dependencies optimization)
[2K[1A[2K[G[73%] sealing (chunk graph)
[2K[1A[2K[G[73%] sealing (after chunk graph)
[2K[1A[2K[G[74%] sealing (optimizing)
[2K[1A[2K[G[74%] sealing (module optimization)
[2K[1A[2K[G[75%] sealing (after module optimization)
[2K[1A[2K[G[76%] sealing (chunk optimization)
[2K[1A[2K[G[76%] sealing (chunk optimization EnsureChunkConditionsPlugin)
[2K[1A[2K[G[76%] sealing (chunk optimization RemoveEmptyChunksPlugin)
[2K[1A[2K[G[76%] sealing (chunk optimization MergeDuplicateChunksPlugin)
[2K[1A[2K[G[76%] sealing (chunk optimization SplitChunksPlugin)
[2K[1A[2K[G[76%] sealing (chunk optimization RemoveEmptyChunksPlugin)
[2K[1A[2K[G[76%] sealing (chunk optimization)
[2K[1A[2K[G[76%] sealing (after chunk optimization)
[2K[1A[2K[G[77%] sealing (module and chunk tree optimization)
[2K[1A[2K[G[77%] sealing (module and chunk tree optimization PersistentChildCompilerSinglet
onPlugin)
[2K[1A[2K[1A[2K[G[77%] sealing (module and chunk tree optimization)
[2K[1A[2K[G[78%] sealing (after module and chunk tree optimization)
[2K[1A[2K[G[78%] sealing (chunk modules optimization)
[2K[1A[2K[G[79%] sealing (after chunk modules optimization)
[2K[1A[2K[G[80%] sealing (module reviving)
[2K[1A[2K[G[80%] sealing (module reviving RecordIdsPlugin)
[2K[1A[2K[G[80%] sealing (module reviving)
[2K[1A[2K[G[80%] sealing (before module ids)
[2K[1A[2K[G[81%] sealing (module ids)
[2K[1A[2K[G[81%] sealing (module ids NamedModuleIdsPlugin)
[2K[1A[2K[G[81%] sealing (module ids)
[2K[1A[2K[G[82%] sealing (module id optimization)
[2K[1A[2K[G[82%] sealing (module id optimization)
[2K[1A[2K[G[83%] sealing (chunk reviving)
[2K[1A[2K[G[83%] sealing (chunk reviving RecordIdsPlugin)
[2K[1A[2K[G[83%] sealing (chunk reviving)
[2K[1A[2K[G[83%] sealing (before chunk ids)
[2K[1A[2K[G[84%] sealing (chunk ids)
[2K[1A[2K[G[84%] sealing (chunk ids NamedChunkIdsPlugin)
[2K[1A[2K[G[84%] sealing (chunk ids)
[2K[1A[2K[G[85%] sealing (chunk id optimization)
[2K[1A[2K[G[85%] sealing (after chunk id optimization)
[2K[1A[2K[G[86%] sealing (record modules)
[2K[1A[2K[G[86%] sealing (record modules RecordIdsPlugin)
[2K[1A[2K[G[86%] sealing (record modules)
[2K[1A[2K[G[87%] sealing (record chunks)
[2K[1A[2K[G[87%] sealing (record chunks RecordIdsPlugin)
[2K[1A[2K[G[87%] sealing (record chunks)
[2K[1A[2K[G[87%] sealing (module hashing)
[2K[1A[2K[G[88%] sealing (code generation)
[2K[1A[2K[G[89%] sealing (runtime requirements)
[2K[1A[2K[G[89%] sealing (hashing)
[2K[1A[2K[G[90%] sealing (after hashing)
[2K[1A[2K[G[91%] sealing (record hash)
[2K[1A[2K[G[91%] sealing (module assets processing)
[2K[1A[2K[G[92%] sealing (chunk assets processing)
[2K[1A[2K[G[92%] sealing (asset processing)
[2K[1A[2K[G[92%] sealing (asset processing copy-webpack-plugin)
[2K[1A[2K[G[92%] sealing (asset processing HotModuleReplacementPlugin)
[2K[1A[2K[G[92%] sealing (asset processing ESLintWebpackPlugin_1)
[2K[1A[2K[G[92%] sealing (asset processing PersistentChildCompilerSingletonPlugin)
[2K[1A[2K[G[92%] sealing (asset processing HtmlWebpackPlugin)
[2K[1A[2K[G[92%] sealing (asset processing)
[2K[1A[2K[G[93%] sealing (after asset optimization)
[2K[1A[2K[G[94%] sealing (recording)
[2K[1A[2K[G[94%] sealing (recording HotModuleReplacementPlugin)
[2K[1A[2K[G[94%] sealing (recording)
[2K[1A[2K[G[94%] sealing (after seal)
[2K[1A[2K[G[95%] emitting (emit)
[2K[1A[2K[G[98%] emitting (after emit)
[2K[1A[2K[GBuild finished at 03:14:40 by 0.000s
[2K[1A[2K[GBuild finished at 03:14:40 by 0.000s
[2K[1A[2K[GBuild finished at 03:14:40 by 0.000s
[2K[1A[2K[G DONE  Compiled successfully in 128ms03:14:40

Build finished at 03:14:40 by 0.000s
[2K[1A[2K[G
  App running at:
  - Local:   http://localhost:8080/ 
  - Network: http://192.168.1.115:8080/

Build finished at 03:14:40 by 0.000s
[2K[1A[2K[GBuild finished at 03:14:40 by 0.000s
[2K[1A[2K[GBuild finished at 03:14:40 by 0.000s
[2K[1A[2K[GBuild finished at 03:14:40 by 0.000s
[2K[1A[2K[GBuild finished at 03:14:40 by 0.000s
[2K[1A[2K[GBuild finished at 03:14:40 by 0.000s
[2K[1A[2K[GBuild finished at 03:14:40 by 0.000s
[2K[1A[2K[GBuild finished at 03:14:40 by 0.000s
[2K[1A[2K[G WAIT  Compiling...03:14:53

Compiling...

[2K[1A[2K[G[1%] cache (end idle)
[2K[1A[2K[G[3%] setup (watch run)
[2K[1A[2K[G[3%] setup (watch run vue-loader-plugin)
[2K[1A[2K[G[3%] setup (watch run ESLintWebpackPlugin_1)
[2K[1A[2K[G[3%] setup (watch run webpack-dev-middleware)
[2K[1A[2K[G[3%] setup (watch run)
[2K[1A[2K[G[4%] setup (normal module factory)
[2K[1A[2K[G[4%] setup (normal module factory CaseSensitivePathsPlugin)
[2K[1A[2K[G[4%] setup (normal module factory)
[2K[1A[2K[G[5%] setup (context module factory)
[2K[1A[2K[G[6%] setup (before compile)
[2K[1A[2K[G[6%] setup (before compile ProgressPlugin)
[2K[1A[2K[G[6%] setup (before compile)
[2K[1A[2K[G[7%] setup (compile)
[2K[1A[2K[G[7%] setup (compile ExternalsPlugin)
[2K[1A[2K[G[7%] setup (compile)
[2K[1A[2K[G[8%] setup (compilation)
[2K[1A[2K[G[8%] setup (compilation CopyPlugin)
[2K[1A[2K[G[8%] setup (compilation ArrayPushCallbackChunkFormatPlugin)
[2K[1A[2K[G[8%] setup (compilation JsonpChunkLoadingPlugin)
[2K[1A[2K[G[8%] setup (compilation StartupChunkDependenciesPlugin)
[2K[1A[2K[G[8%] setup (compilation ImportScriptsChunkLoadingPlugin)
[2K[1A[2K[G[8%] setup (compilation FetchCompileWasmPlugin)
[2K[1A[2K[G[8%] setup (compilation FetchCompileAsyncWasmPlugin)
[2K[1A[2K[G[8%] setup (compilation WorkerPlugin)
[2K[1A[2K[G[8%] setup (compilation SplitChunksPlugin)
[2K[1A[2K[G[8%] setup (compilation ResolverCachePlugin)
[2K[1A[2K[G[8%] setup (compilation HtmlWebpackPlugin)
[2K[1A[2K[G[8%] setup (compilation)
[2K[1A[2K[G[9%] setup (compilation)
[2K[1A[2K[G[9%] setup (compilation vue-loader-plugin)
[2K[1A[2K[G[9%] setup (compilation DefinePlugin)
[2K[1A[2K[G[9%] setup (compilation ProgressPlugin)
[2K[1A[2K[G[9%] setup (compilation EntryPlugin)
[2K[1A[2K[G[9%] setup (compilation ChunkPrefetchPreloadPlugin)
[2K[1A[2K[G[9%] setup (compilation ModuleInfoHeaderPlugin)
[2K[1A[2K[G[9%] setup (compilation EvalSourceMapDevToolPlugin)
[2K[1A[2K[G[9%] setup (compilation JavascriptModulesPlugin)
[2K[1A[2K[G[9%] setup (compilation JsonModulesPlugin)
[2K[1A[2K[G[9%] setup (compilation AssetModulesPlugin)
[2K[1A[2K[G[9%] setup (compilation EntryPlugin)
[2K[1A[2K[G[9%] setup (compilation RuntimePlugin)
[2K[1A[2K[G[9%] setup (compilation InferAsyncModulesPlugin)
[2K[1A[2K[G[9%] setup (compilation DataUriPlugin)
[2K[1A[2K[G[9%] setup (compilation FileUriPlugin)
[2K[1A[2K[G[9%] setup (compilation CompatibilityPlugin)
[2K[1A[2K[G[9%] setup (compilation HarmonyModulesPlugin)
[2K[1A[2K[G[9%] setup (compilation AMDPlugin)
[2K[1A[2K[G[9%] setup (compilation RequireJsStuffPlugin)
[2K[1A[2K[G[9%] setup (compilation CommonJsPlugin)
[2K[1A[2K[G[9%] setup (compilation LoaderPlugin)
[2K[1A[2K[G[9%] setup (compilation NodeStuffPlugin)
[2K[1A[2K[G[9%] setup (compilation APIPlugin)
[2K[1A[2K[G[9%] setup (compilation ExportsInfoApiPlugin)
[2K[1A[2K[G[9%] setup (compilation WebpackIsIncludedPlugin)
[2K[1A[2K[G[9%] setup (compilation ConstPlugin)
[2K[1A[2K[G[9%] setup (compilation UseStrictPlugin)
[2K[1A[2K[G[9%] setup (compilation RequireIncludePlugin)
[2K[1A[2K[G[9%] setup (compilation RequireEnsurePlugin)
[2K[1A[2K[G[9%] setup (compilation RequireContextPlugin)
[2K[1A[2K[G[9%] setup (compilation ImportPlugin)
[2K[1A[2K[G[9%] setup (compilation ImportMetaContextPlugin)
[2K[1A[2K[G[9%] setup (compilation SystemPlugin)
[2K[1A[2K[G[9%] setup (compilation ImportMetaPlugin)
[2K[1A[2K[G[9%] setup (compilation URLPlugin)
[2K[1A[2K[G[9%] setup (compilation DefaultStatsFactoryPlugin)
[2K[1A[2K[G[9%] setup (compilation DefaultStatsPresetPlugin)
[2K[1A[2K[G[9%] setup (compilation DefaultStatsPrinterPlugin)
[2K[1A[2K[G[9%] setup (compilation JavascriptMetaInfoPlugin)
[2K[1A[2K[G[9%] setup (compilation EnsureChunkConditionsPlugin)
[2K[1A[2K[G[9%] setup (compilation RemoveEmptyChunksPlugin)
[2K[1A[2K[G[9%] setup (compilation MergeDuplicateChunksPlugin)
[2K[1A[2K[G[9%] setup (compilation SideEffectsFlagPlugin)
[2K[1A[2K[G[9%] setup (compilation FlagDependencyExportsPlugin)
[2K[1A[2K[G[9%] setup (compilation NamedModuleIdsPlugin)
[2K[1A[2K[G[9%] setup (compilation NamedChunkIdsPlugin)
[2K[1A[2K[G[9%] setup (compilation DefinePlugin)
[2K[1A[2K[G[9%] setup (compilation TemplatedPathPlugin)
[2K[1A[2K[G[9%] setup (compilation RecordIdsPlugin)
[2K[1A[2K[G[9%] setup (compilation WarnCaseSensitiveModulesPlugin)
[2K[1A[2K[G[9%] setup (compilation EntryPlugin)
[2K[1A[2K[G[9%] setup (compilation ProvidePlugin)
[2K[1A[2K[G[9%] setup (compilation HotModuleReplacementPlugin)
[2K[1A[2K[G[9%] setup (compilation ProgressPlugin)
[2K[1A[2K[G[9%] setup (compilation ESLintWebpackPlugin_1)
[2K[1A[2K[G[9%] setup (compilation)
[2K[1A[2K[G[10%] building 
[2K[1A[2K[G[10%] building (0/0 modules)
[2K[1A[2K[G[24%] building (1/4 modules)
[2K[1A[2K[G[38%] building (34/8 modules)
[2K[1A[2K[G[51%] building (149/12 modules)
[2K[1A[2K[G[51%] building (import loader vue-loader/dist/index.js)
[2K[1A[2K[G[51%] building (149/13 modules)
[2K[1A[2K[G[51%] building (import loader babel-loader/lib/index.js)
[2K[1A[2K[G[51%] building (import loader vue-loader/dist/templateLoader.js)
[2K[1A[2K[G[51%] building (155/20 modules)
[2K[1A[2K[G[51%] building (import loader css-loader/dist/cjs.js)
[2K[1A[2K[G[51%] building (import loader vue-loader/dist/stylePostLoader.js)
[2K[1A[2K[G[51%] building (import loader postcss-loader/dist/cjs.js)
[2K[1A[2K[G[51%] building (155/21 modules)
[2K[1A[2K[G[65%] building (175/32 modules)
[2K[1A[2K[G[65%] building 
[2K[1A[2K[G[69%] building (finish)
[2K[1A[2K[G[70%] sealing (finish module graph)
[2K[1A[2K[G[70%] sealing (finish module graph ResolverCachePlugin)
[2K[1A[2K[G[70%] sealing (finish module graph InferAsyncModulesPlugin)
[2K[1A[2K[G[70%] sealing (finish module graph FlagDependencyExportsPlugin)
[2K[1A[2K[G[70%] sealing (finish module graph ESLintWebpackPlugin_1)
[2K[1A[2K[G[70%] sealing (finish module graph)
[2K[1A[2K[G[71%] sealing (plugins)
[2K[1A[2K[G[71%] sealing (plugins WarnCaseSensitiveModulesPlugin)
[2K[1A[2K[G[71%] sealing (plugins)
[2K[1A[2K[G[71%] sealing (dependencies optimization)
[2K[1A[2K[G[71%] sealing (dependencies optimization SideEffectsFlagPlugin)
[2K[1A[2K[G[71%] sealing (dependencies optimization)
[2K[1A[2K[G[72%] sealing (after dependencies optimization)
[2K[1A[2K[G[73%] sealing (chunk graph)
[2K[1A[2K[G[73%] sealing (after chunk graph)
[2K[1A[2K[G[74%] sealing (optimizing)
[2K[1A[2K[G[74%] sealing (module optimization)
[2K[1A[2K[G[75%] sealing (after module optimization)
[2K[1A[2K[G[76%] sealing (chunk optimization)
[2K[1A[2K[G[76%] sealing (chunk optimization EnsureChunkConditionsPlugin)
[2K[1A[2K[G[76%] sealing (chunk optimization RemoveEmptyChunksPlugin)
[2K[1A[2K[G[76%] sealing (chunk optimization MergeDuplicateChunksPlugin)
[2K[1A[2K[G[76%] sealing (chunk optimization SplitChunksPlugin)
[2K[1A[2K[G[76%] sealing (chunk optimization RemoveEmptyChunksPlugin)
[2K[1A[2K[G[76%] sealing (chunk optimization)
[2K[1A[2K[G[76%] sealing (after chunk optimization)
[2K[1A[2K[G[77%] sealing (module and chunk tree optimization)
[2K[1A[2K[G[77%] sealing (module and chunk tree optimization PersistentChildCompilerSinglet
onPlugin)
[2K[1A[2K[1A[2K[G[77%] sealing (module and chunk tree optimization)
[2K[1A[2K[G[78%] sealing (after module and chunk tree optimization)
[2K[1A[2K[G[78%] sealing (chunk modules optimization)
[2K[1A[2K[G[79%] sealing (after chunk modules optimization)
[2K[1A[2K[G[80%] sealing (module reviving)
[2K[1A[2K[G[80%] sealing (module reviving RecordIdsPlugin)
[2K[1A[2K[G[80%] sealing (module reviving)
[2K[1A[2K[G[80%] sealing (before module ids)
[2K[1A[2K[G[81%] sealing (module ids)
[2K[1A[2K[G[81%] sealing (module ids NamedModuleIdsPlugin)
[2K[1A[2K[G[81%] sealing (module ids)
[2K[1A[2K[G[82%] sealing (module id optimization)
[2K[1A[2K[G[82%] sealing (module id optimization)
[2K[1A[2K[G[83%] sealing (chunk reviving)
[2K[1A[2K[G[83%] sealing (chunk reviving RecordIdsPlugin)
[2K[1A[2K[G[83%] sealing (chunk reviving)
[2K[1A[2K[G[83%] sealing (before chunk ids)
[2K[1A[2K[G[84%] sealing (chunk ids)
[2K[1A[2K[G[84%] sealing (chunk ids NamedChunkIdsPlugin)
[2K[1A[2K[G[84%] sealing (chunk ids)
[2K[1A[2K[G[85%] sealing (chunk id optimization)
[2K[1A[2K[G[85%] sealing (after chunk id optimization)
[2K[1A[2K[G[86%] sealing (record modules)
[2K[1A[2K[G[86%] sealing (record modules RecordIdsPlugin)
[2K[1A[2K[G[86%] sealing (record modules)
[2K[1A[2K[G[87%] sealing (record chunks)
[2K[1A[2K[G[87%] sealing (record chunks RecordIdsPlugin)
[2K[1A[2K[G[87%] sealing (record chunks)
[2K[1A[2K[G[87%] sealing (module hashing)
[2K[1A[2K[G[88%] sealing (code generation)
[2K[1A[2K[G[89%] sealing (runtime requirements)
[2K[1A[2K[G[89%] sealing (hashing)
[2K[1A[2K[G[90%] sealing (after hashing)
[2K[1A[2K[G[91%] sealing (record hash)
[2K[1A[2K[G[91%] sealing (module assets processing)
[2K[1A[2K[G[92%] sealing (chunk assets processing)
[2K[1A[2K[G[92%] sealing (asset processing)
[2K[1A[2K[G[92%] sealing (asset processing copy-webpack-plugin)
[2K[1A[2K[G[92%] sealing (asset processing HotModuleReplacementPlugin)
[2K[1A[2K[G[92%] sealing (asset processing ESLintWebpackPlugin_1)
[2K[1A[2K[G[92%] sealing (asset processing PersistentChildCompilerSingletonPlugin)
[2K[1A[2K[G[92%] sealing (asset processing HtmlWebpackPlugin)
[2K[1A[2K[G[92%] sealing (asset processing)
[2K[1A[2K[G[93%] sealing (after asset optimization)
[2K[1A[2K[G[94%] sealing (recording)
[2K[1A[2K[G[94%] sealing (recording HotModuleReplacementPlugin)
[2K[1A[2K[G[94%] sealing (recording)
[2K[1A[2K[G[94%] sealing (after seal)
[2K[1A[2K[G[95%] emitting (emit)
[2K[1A[2K[G[98%] emitting (after emit)
[2K[1A[2K[GBuild finished at 03:14:53 by 0.000s
[2K[1A[2K[GBuild finished at 03:14:53 by 0.000s
[2K[1A[2K[GBuild finished at 03:14:53 by 0.000s
[2K[1A[2K[G DONE  Compiled successfully in 187ms03:14:53

Build finished at 03:14:53 by 0.000s
[2K[1A[2K[G
  App running at:
  - Local:   http://localhost:8080/ 
  - Network: http://192.168.1.115:8080/

Build finished at 03:14:53 by 0.000s
[2K[1A[2K[GBuild finished at 03:14:53 by 0.000s
[2K[1A[2K[GBuild finished at 03:14:53 by 0.000s
[2K[1A[2K[GBuild finished at 03:14:53 by 0.000s
[2K[1A[2K[GBuild finished at 03:14:53 by 0.000s
[2K[1A[2K[GBuild finished at 03:14:53 by 0.000s
[2K[1A[2K[GBuild finished at 03:14:53 by 0.000s
[2K[1A[2K[GBuild finished at 03:14:53 by 0.000s
[2K[1A[2K[G WAIT  Compiling...03:15:11

Compiling...

[2K[1A[2K[G[1%] cache (end idle)
[2K[1A[2K[G[3%] setup (watch run)
[2K[1A[2K[G[3%] setup (watch run vue-loader-plugin)
[2K[1A[2K[G[3%] setup (watch run ESLintWebpackPlugin_1)
[2K[1A[2K[G[3%] setup (watch run webpack-dev-middleware)
[2K[1A[2K[G[3%] setup (watch run)
[2K[1A[2K[G[4%] setup (normal module factory)
[2K[1A[2K[G[4%] setup (normal module factory CaseSensitivePathsPlugin)
[2K[1A[2K[G[4%] setup (normal module factory)
[2K[1A[2K[G[5%] setup (context module factory)
[2K[1A[2K[G[6%] setup (before compile)
[2K[1A[2K[G[6%] setup (before compile ProgressPlugin)
[2K[1A[2K[G[6%] setup (before compile)
[2K[1A[2K[G[7%] setup (compile)
[2K[1A[2K[G[7%] setup (compile ExternalsPlugin)
[2K[1A[2K[G[7%] setup (compile)
[2K[1A[2K[G[8%] setup (compilation)
[2K[1A[2K[G[8%] setup (compilation CopyPlugin)
[2K[1A[2K[G[8%] setup (compilation ArrayPushCallbackChunkFormatPlugin)
[2K[1A[2K[G[8%] setup (compilation JsonpChunkLoadingPlugin)
[2K[1A[2K[G[8%] setup (compilation StartupChunkDependenciesPlugin)
[2K[1A[2K[G[8%] setup (compilation ImportScriptsChunkLoadingPlugin)
[2K[1A[2K[G[8%] setup (compilation FetchCompileWasmPlugin)
[2K[1A[2K[G[8%] setup (compilation FetchCompileAsyncWasmPlugin)
[2K[1A[2K[G[8%] setup (compilation WorkerPlugin)
[2K[1A[2K[G[8%] setup (compilation SplitChunksPlugin)
[2K[1A[2K[G[8%] setup (compilation ResolverCachePlugin)
[2K[1A[2K[G[8%] setup (compilation HtmlWebpackPlugin)
[2K[1A[2K[G[8%] setup (compilation)
[2K[1A[2K[G[9%] setup (compilation)
[2K[1A[2K[G[9%] setup (compilation vue-loader-plugin)
[2K[1A[2K[G[9%] setup (compilation DefinePlugin)
[2K[1A[2K[G[9%] setup (compilation ProgressPlugin)
[2K[1A[2K[G[9%] setup (compilation EntryPlugin)
[2K[1A[2K[G[9%] setup (compilation ChunkPrefetchPreloadPlugin)
[2K[1A[2K[G[9%] setup (compilation ModuleInfoHeaderPlugin)
[2K[1A[2K[G[9%] setup (compilation EvalSourceMapDevToolPlugin)
[2K[1A[2K[G[9%] setup (compilation JavascriptModulesPlugin)
[2K[1A[2K[G[9%] setup (compilation JsonModulesPlugin)
[2K[1A[2K[G[9%] setup (compilation AssetModulesPlugin)
[2K[1A[2K[G[9%] setup (compilation EntryPlugin)
[2K[1A[2K[G[9%] setup (compilation RuntimePlugin)
[2K[1A[2K[G[9%] setup (compilation InferAsyncModulesPlugin)
[2K[1A[2K[G[9%] setup (compilation DataUriPlugin)
[2K[1A[2K[G[9%] setup (compilation FileUriPlugin)
[2K[1A[2K[G[9%] setup (compilation CompatibilityPlugin)
[2K[1A[2K[G[9%] setup (compilation HarmonyModulesPlugin)
[2K[1A[2K[G[9%] setup (compilation AMDPlugin)
[2K[1A[2K[G[9%] setup (compilation RequireJsStuffPlugin)
[2K[1A[2K[G[9%] setup (compilation CommonJsPlugin)
[2K[1A[2K[G[9%] setup (compilation LoaderPlugin)
[2K[1A[2K[G[9%] setup (compilation NodeStuffPlugin)
[2K[1A[2K[G[9%] setup (compilation APIPlugin)
[2K[1A[2K[G[9%] setup (compilation ExportsInfoApiPlugin)
[2K[1A[2K[G[9%] setup (compilation WebpackIsIncludedPlugin)
[2K[1A[2K[G[9%] setup (compilation ConstPlugin)
[2K[1A[2K[G[9%] setup (compilation UseStrictPlugin)
[2K[1A[2K[G[9%] setup (compilation RequireIncludePlugin)
[2K[1A[2K[G[9%] setup (compilation RequireEnsurePlugin)
[2K[1A[2K[G[9%] setup (compilation RequireContextPlugin)
[2K[1A[2K[G[9%] setup (compilation ImportPlugin)
[2K[1A[2K[G[9%] setup (compilation ImportMetaContextPlugin)
[2K[1A[2K[G[9%] setup (compilation SystemPlugin)
[2K[1A[2K[G[9%] setup (compilation ImportMetaPlugin)
[2K[1A[2K[G[9%] setup (compilation URLPlugin)
[2K[1A[2K[G[9%] setup (compilation DefaultStatsFactoryPlugin)
[2K[1A[2K[G[9%] setup (compilation DefaultStatsPresetPlugin)
[2K[1A[2K[G[9%] setup (compilation DefaultStatsPrinterPlugin)
[2K[1A[2K[G[9%] setup (compilation JavascriptMetaInfoPlugin)
[2K[1A[2K[G[9%] setup (compilation EnsureChunkConditionsPlugin)
[2K[1A[2K[G[9%] setup (compilation RemoveEmptyChunksPlugin)
[2K[1A[2K[G[9%] setup (compilation MergeDuplicateChunksPlugin)
[2K[1A[2K[G[9%] setup (compilation SideEffectsFlagPlugin)
[2K[1A[2K[G[9%] setup (compilation FlagDependencyExportsPlugin)
[2K[1A[2K[G[9%] setup (compilation NamedModuleIdsPlugin)
[2K[1A[2K[G[9%] setup (compilation NamedChunkIdsPlugin)
[2K[1A[2K[G[9%] setup (compilation DefinePlugin)
[2K[1A[2K[G[9%] setup (compilation TemplatedPathPlugin)
[2K[1A[2K[G[9%] setup (compilation RecordIdsPlugin)
[2K[1A[2K[G[9%] setup (compilation WarnCaseSensitiveModulesPlugin)
[2K[1A[2K[G[9%] setup (compilation EntryPlugin)
[2K[1A[2K[G[9%] setup (compilation ProvidePlugin)
[2K[1A[2K[G[9%] setup (compilation HotModuleReplacementPlugin)
[2K[1A[2K[G[9%] setup (compilation ProgressPlugin)
[2K[1A[2K[G[9%] setup (compilation ESLintWebpackPlugin_1)
[2K[1A[2K[G[9%] setup (compilation)
[2K[1A[2K[G[10%] building 
[2K[1A[2K[G[10%] building (0/0 modules)
[2K[1A[2K[G[24%] building (1/4 modules)
[2K[1A[2K[G[38%] building (34/8 modules)
[2K[1A[2K[G[51%] building (149/12 modules)
[2K[1A[2K[G[51%] building (import loader vue-loader/dist/index.js)
[2K[1A[2K[G[51%] building (149/13 modules)
[2K[1A[2K[G[51%] building (import loader babel-loader/lib/index.js)
[2K[1A[2K[G[51%] building (import loader vue-loader/dist/templateLoader.js)
[2K[1A[2K[G[51%] building (155/20 modules)
[2K[1A[2K[G[51%] building (import loader css-loader/dist/cjs.js)
[2K[1A[2K[G[51%] building (import loader vue-loader/dist/stylePostLoader.js)
[2K[1A[2K[G[51%] building (import loader postcss-loader/dist/cjs.js)
[2K[1A[2K[G[51%] building (155/21 modules)
[2K[1A[2K[G[65%] building (175/32 modules)
[2K[1A[2K[G[65%] building 
[2K[1A[2K[G[69%] building (finish)
[2K[1A[2K[G[70%] sealing (finish module graph)
[2K[1A[2K[G[70%] sealing (finish module graph ResolverCachePlugin)
[2K[1A[2K[G[70%] sealing (finish module graph InferAsyncModulesPlugin)
[2K[1A[2K[G[70%] sealing (finish module graph FlagDependencyExportsPlugin)
[2K[1A[2K[G[70%] sealing (finish module graph ESLintWebpackPlugin_1)
[2K[1A[2K[G[70%] sealing (finish module graph)
[2K[1A[2K[G[71%] sealing (plugins)
[2K[1A[2K[G[71%] sealing (plugins WarnCaseSensitiveModulesPlugin)
[2K[1A[2K[G[71%] sealing (plugins)
[2K[1A[2K[G[71%] sealing (dependencies optimization)
[2K[1A[2K[G[71%] sealing (dependencies optimization SideEffectsFlagPlugin)
[2K[1A[2K[G[71%] sealing (dependencies optimization)
[2K[1A[2K[G[72%] sealing (after dependencies optimization)
[2K[1A[2K[G[73%] sealing (chunk graph)
[2K[1A[2K[G[73%] sealing (after chunk graph)
[2K[1A[2K[G[74%] sealing (optimizing)
[2K[1A[2K[G[74%] sealing (module optimization)
[2K[1A[2K[G[75%] sealing (after module optimization)
[2K[1A[2K[G[76%] sealing (chunk optimization)
[2K[1A[2K[G[76%] sealing (chunk optimization EnsureChunkConditionsPlugin)
[2K[1A[2K[G[76%] sealing (chunk optimization RemoveEmptyChunksPlugin)
[2K[1A[2K[G[76%] sealing (chunk optimization MergeDuplicateChunksPlugin)
[2K[1A[2K[G[76%] sealing (chunk optimization SplitChunksPlugin)
[2K[1A[2K[G[76%] sealing (chunk optimization RemoveEmptyChunksPlugin)
[2K[1A[2K[G[76%] sealing (chunk optimization)
[2K[1A[2K[G[76%] sealing (after chunk optimization)
[2K[1A[2K[G[77%] sealing (module and chunk tree optimization)
[2K[1A[2K[G[77%] sealing (module and chunk tree optimization PersistentChildCompilerSinglet
onPlugin)
[2K[1A[2K[1A[2K[G[77%] sealing (module and chunk tree optimization)
[2K[1A[2K[G[78%] sealing (after module and chunk tree optimization)
[2K[1A[2K[G[78%] sealing (chunk modules optimization)
[2K[1A[2K[G[79%] sealing (after chunk modules optimization)
[2K[1A[2K[G[80%] sealing (module reviving)
[2K[1A[2K[G[80%] sealing (module reviving RecordIdsPlugin)
[2K[1A[2K[G[80%] sealing (module reviving)
[2K[1A[2K[G[80%] sealing (before module ids)
[2K[1A[2K[G[81%] sealing (module ids)
[2K[1A[2K[G[81%] sealing (module ids NamedModuleIdsPlugin)
[2K[1A[2K[G[81%] sealing (module ids)
[2K[1A[2K[G[82%] sealing (module id optimization)
[2K[1A[2K[G[82%] sealing (module id optimization)
[2K[1A[2K[G[83%] sealing (chunk reviving)
[2K[1A[2K[G[83%] sealing (chunk reviving RecordIdsPlugin)
[2K[1A[2K[G[83%] sealing (chunk reviving)
[2K[1A[2K[G[83%] sealing (before chunk ids)
[2K[1A[2K[G[84%] sealing (chunk ids)
[2K[1A[2K[G[84%] sealing (chunk ids NamedChunkIdsPlugin)
[2K[1A[2K[G[84%] sealing (chunk ids)
[2K[1A[2K[G[85%] sealing (chunk id optimization)
[2K[1A[2K[G[85%] sealing (after chunk id optimization)
[2K[1A[2K[G[86%] sealing (record modules)
[2K[1A[2K[G[86%] sealing (record modules RecordIdsPlugin)
[2K[1A[2K[G[86%] sealing (record modules)
[2K[1A[2K[G[87%] sealing (record chunks)
[2K[1A[2K[G[87%] sealing (record chunks RecordIdsPlugin)
[2K[1A[2K[G[87%] sealing (record chunks)
[2K[1A[2K[G[87%] sealing (module hashing)
[2K[1A[2K[G[88%] sealing (code generation)
[2K[1A[2K[G[89%] sealing (runtime requirements)
[2K[1A[2K[G[89%] sealing (hashing)
[2K[1A[2K[G[90%] sealing (after hashing)
[2K[1A[2K[G[91%] sealing (record hash)
[2K[1A[2K[G[91%] sealing (module assets processing)
[2K[1A[2K[G[92%] sealing (chunk assets processing)
[2K[1A[2K[G[92%] sealing (asset processing)
[2K[1A[2K[G[92%] sealing (asset processing copy-webpack-plugin)
[2K[1A[2K[G[92%] sealing (asset processing HotModuleReplacementPlugin)
[2K[1A[2K[G[92%] sealing (asset processing ESLintWebpackPlugin_1)
[2K[1A[2K[G[92%] sealing (asset processing PersistentChildCompilerSingletonPlugin)
[2K[1A[2K[G[92%] sealing (asset processing HtmlWebpackPlugin)
[2K[1A[2K[G[92%] sealing (asset processing)
[2K[1A[2K[G[93%] sealing (after asset optimization)
[2K[1A[2K[G[94%] sealing (recording)
[2K[1A[2K[G[94%] sealing (recording HotModuleReplacementPlugin)
[2K[1A[2K[G[94%] sealing (recording)
[2K[1A[2K[G[94%] sealing (after seal)
[2K[1A[2K[G[95%] emitting (emit)
[2K[1A[2K[G[98%] emitting (after emit)
[2K[1A[2K[GBuild finished at 03:15:11 by 0.000s
[2K[1A[2K[GBuild finished at 03:15:11 by 0.000s
[2K[1A[2K[GBuild finished at 03:15:11 by 0.000s
[2K[1A[2K[G DONE  Compiled successfully in 145ms03:15:11

Build finished at 03:15:11 by 0.000s
[2K[1A[2K[G
  App running at:
  - Local:   http://localhost:8080/ 
  - Network: http://192.168.1.115:8080/

Build finished at 03:15:11 by 0.000s
[2K[1A[2K[GBuild finished at 03:15:11 by 0.000s
[2K[1A[2K[GBuild finished at 03:15:11 by 0.000s
[2K[1A[2K[GBuild finished at 03:15:11 by 0.000s
[2K[1A[2K[GBuild finished at 03:15:11 by 0.000s
[2K[1A[2K[GBuild finished at 03:15:11 by 0.000s
[2K[1A[2K[GBuild finished at 03:15:11 by 0.000s
[2K[1A[2K[GBuild finished at 03:15:11 by 0.000s
[2K[1A[2K[G WAIT  Compiling...03:17:23

Compiling...

[2K[1A[2K[G[1%] cache (end idle)
[2K[1A[2K[G[3%] setup (watch run)
[2K[1A[2K[G[3%] setup (watch run vue-loader-plugin)
[2K[1A[2K[G[3%] setup (watch run ESLintWebpackPlugin_1)
[2K[1A[2K[G[3%] setup (watch run webpack-dev-middleware)
[2K[1A[2K[G[3%] setup (watch run)
[2K[1A[2K[G[4%] setup (normal module factory)
[2K[1A[2K[G[4%] setup (normal module factory CaseSensitivePathsPlugin)
[2K[1A[2K[G[4%] setup (normal module factory)
[2K[1A[2K[G[5%] setup (context module factory)
[2K[1A[2K[G[6%] setup (before compile)
[2K[1A[2K[G[6%] setup (before compile ProgressPlugin)
[2K[1A[2K[G[6%] setup (before compile)
[2K[1A[2K[G[7%] setup (compile)
[2K[1A[2K[G[7%] setup (compile ExternalsPlugin)
[2K[1A[2K[G[7%] setup (compile)
[2K[1A[2K[G[8%] setup (compilation)
[2K[1A[2K[G[8%] setup (compilation CopyPlugin)
[2K[1A[2K[G[8%] setup (compilation ArrayPushCallbackChunkFormatPlugin)
[2K[1A[2K[G[8%] setup (compilation JsonpChunkLoadingPlugin)
[2K[1A[2K[G[8%] setup (compilation StartupChunkDependenciesPlugin)
[2K[1A[2K[G[8%] setup (compilation ImportScriptsChunkLoadingPlugin)
[2K[1A[2K[G[8%] setup (compilation FetchCompileWasmPlugin)
[2K[1A[2K[G[8%] setup (compilation FetchCompileAsyncWasmPlugin)
[2K[1A[2K[G[8%] setup (compilation WorkerPlugin)
[2K[1A[2K[G[8%] setup (compilation SplitChunksPlugin)
[2K[1A[2K[G[8%] setup (compilation ResolverCachePlugin)
[2K[1A[2K[G[8%] setup (compilation HtmlWebpackPlugin)
[2K[1A[2K[G[8%] setup (compilation)
[2K[1A[2K[G[9%] setup (compilation)
[2K[1A[2K[G[9%] setup (compilation vue-loader-plugin)
[2K[1A[2K[G[9%] setup (compilation DefinePlugin)
[2K[1A[2K[G[9%] setup (compilation ProgressPlugin)
[2K[1A[2K[G[9%] setup (compilation EntryPlugin)
[2K[1A[2K[G[9%] setup (compilation ChunkPrefetchPreloadPlugin)
[2K[1A[2K[G[9%] setup (compilation ModuleInfoHeaderPlugin)
[2K[1A[2K[G[9%] setup (compilation EvalSourceMapDevToolPlugin)
[2K[1A[2K[G[9%] setup (compilation JavascriptModulesPlugin)
[2K[1A[2K[G[9%] setup (compilation JsonModulesPlugin)
[2K[1A[2K[G[9%] setup (compilation AssetModulesPlugin)
[2K[1A[2K[G[9%] setup (compilation EntryPlugin)
[2K[1A[2K[G[9%] setup (compilation RuntimePlugin)
[2K[1A[2K[G[9%] setup (compilation InferAsyncModulesPlugin)
[2K[1A[2K[G[9%] setup (compilation DataUriPlugin)
[2K[1A[2K[G[9%] setup (compilation FileUriPlugin)
[2K[1A[2K[G[9%] setup (compilation CompatibilityPlugin)
[2K[1A[2K[G[9%] setup (compilation HarmonyModulesPlugin)
[2K[1A[2K[G[9%] setup (compilation AMDPlugin)
[2K[1A[2K[G[9%] setup (compilation RequireJsStuffPlugin)
[2K[1A[2K[G[9%] setup (compilation CommonJsPlugin)
[2K[1A[2K[G[9%] setup (compilation LoaderPlugin)
[2K[1A[2K[G[9%] setup (compilation NodeStuffPlugin)
[2K[1A[2K[G[9%] setup (compilation APIPlugin)
[2K[1A[2K[G[9%] setup (compilation ExportsInfoApiPlugin)
[2K[1A[2K[G[9%] setup (compilation WebpackIsIncludedPlugin)
[2K[1A[2K[G[9%] setup (compilation ConstPlugin)
[2K[1A[2K[G[9%] setup (compilation UseStrictPlugin)
[2K[1A[2K[G[9%] setup (compilation RequireIncludePlugin)
[2K[1A[2K[G[9%] setup (compilation RequireEnsurePlugin)
[2K[1A[2K[G[9%] setup (compilation RequireContextPlugin)
[2K[1A[2K[G[9%] setup (compilation ImportPlugin)
[2K[1A[2K[G[9%] setup (compilation ImportMetaContextPlugin)
[2K[1A[2K[G[9%] setup (compilation SystemPlugin)
[2K[1A[2K[G[9%] setup (compilation ImportMetaPlugin)
[2K[1A[2K[G[9%] setup (compilation URLPlugin)
[2K[1A[2K[G[9%] setup (compilation DefaultStatsFactoryPlugin)
[2K[1A[2K[G[9%] setup (compilation DefaultStatsPresetPlugin)
[2K[1A[2K[G[9%] setup (compilation DefaultStatsPrinterPlugin)
[2K[1A[2K[G[9%] setup (compilation JavascriptMetaInfoPlugin)
[2K[1A[2K[G[9%] setup (compilation EnsureChunkConditionsPlugin)
[2K[1A[2K[G[9%] setup (compilation RemoveEmptyChunksPlugin)
[2K[1A[2K[G[9%] setup (compilation MergeDuplicateChunksPlugin)
[2K[1A[2K[G[9%] setup (compilation SideEffectsFlagPlugin)
[2K[1A[2K[G[9%] setup (compilation FlagDependencyExportsPlugin)
[2K[1A[2K[G[9%] setup (compilation NamedModuleIdsPlugin)
[2K[1A[2K[G[9%] setup (compilation NamedChunkIdsPlugin)
[2K[1A[2K[G[9%] setup (compilation DefinePlugin)
[2K[1A[2K[G[9%] setup (compilation TemplatedPathPlugin)
[2K[1A[2K[G[9%] setup (compilation RecordIdsPlugin)
[2K[1A[2K[G[9%] setup (compilation WarnCaseSensitiveModulesPlugin)
[2K[1A[2K[G[9%] setup (compilation EntryPlugin)
[2K[1A[2K[G[9%] setup (compilation ProvidePlugin)
[2K[1A[2K[G[9%] setup (compilation HotModuleReplacementPlugin)
[2K[1A[2K[G[9%] setup (compilation ProgressPlugin)
[2K[1A[2K[G[9%] setup (compilation ESLintWebpackPlugin_1)
[2K[1A[2K[G[9%] setup (compilation)
[2K[1A[2K[G[10%] building 
[2K[1A[2K[G[10%] building (0/0 modules)
[2K[1A[2K[G[24%] building (13/4 modules)
[2K[1A[2K[G[38%] building (14/4 modules)
[2K[1A[2K[G[51%] building (134/9 modules)
[2K[1A[2K[G[51%] building (import loader vue-loader/dist/index.js)
[2K[1A[2K[G[51%] building (155/13 modules)
[2K[1A[2K[G[51%] building (import loader babel-loader/lib/index.js)
[2K[1A[2K[G[51%] building (import loader vue-loader/dist/templateLoader.js)
[2K[1A[2K[G[51%] building (155/20 modules)
[2K[1A[2K[G[51%] building (import loader css-loader/dist/cjs.js)
[2K[1A[2K[G[51%] building (import loader vue-loader/dist/stylePostLoader.js)
[2K[1A[2K[G[51%] building (import loader postcss-loader/dist/cjs.js)
[2K[1A[2K[G[51%] building (155/21 modules)
[2K[1A[2K[G[65%] building (175/32 modules)
[2K[1A[2K[G[65%] building 
[2K[1A[2K[G[69%] building (finish)
[2K[1A[2K[G[70%] sealing (finish module graph)
[2K[1A[2K[G[70%] sealing (finish module graph ResolverCachePlugin)
[2K[1A[2K[G[70%] sealing (finish module graph InferAsyncModulesPlugin)
[2K[1A[2K[G[70%] sealing (finish module graph FlagDependencyExportsPlugin)
[2K[1A[2K[G[70%] sealing (finish module graph ESLintWebpackPlugin_1)
[2K[1A[2K[G[70%] sealing (finish module graph)
[2K[1A[2K[G[71%] sealing (plugins)
[2K[1A[2K[G[71%] sealing (plugins WarnCaseSensitiveModulesPlugin)
[2K[1A[2K[G[71%] sealing (plugins)
[2K[1A[2K[G[71%] sealing (dependencies optimization)
[2K[1A[2K[G[71%] sealing (dependencies optimization SideEffectsFlagPlugin)
[2K[1A[2K[G[71%] sealing (dependencies optimization)
[2K[1A[2K[G[72%] sealing (after dependencies optimization)
[2K[1A[2K[G[73%] sealing (chunk graph)
[2K[1A[2K[G[73%] sealing (after chunk graph)
[2K[1A[2K[G[74%] sealing (optimizing)
[2K[1A[2K[G[74%] sealing (module optimization)
[2K[1A[2K[G[75%] sealing (after module optimization)
[2K[1A[2K[G[76%] sealing (chunk optimization)
[2K[1A[2K[G[76%] sealing (chunk optimization EnsureChunkConditionsPlugin)
[2K[1A[2K[G[76%] sealing (chunk optimization RemoveEmptyChunksPlugin)
[2K[1A[2K[G[76%] sealing (chunk optimization MergeDuplicateChunksPlugin)
[2K[1A[2K[G[76%] sealing (chunk optimization SplitChunksPlugin)
[2K[1A[2K[G[76%] sealing (chunk optimization RemoveEmptyChunksPlugin)
[2K[1A[2K[G[76%] sealing (chunk optimization)
[2K[1A[2K[G[76%] sealing (after chunk optimization)
[2K[1A[2K[G[77%] sealing (module and chunk tree optimization)
[2K[1A[2K[G[77%] sealing (module and chunk tree optimization PersistentChildCompilerSinglet
onPlugin)
[2K[1A[2K[1A[2K[G[77%] sealing (module and chunk tree optimization)
[2K[1A[2K[G[78%] sealing (after module and chunk tree optimization)
[2K[1A[2K[G[78%] sealing (chunk modules optimization)
[2K[1A[2K[G[79%] sealing (after chunk modules optimization)
[2K[1A[2K[G[80%] sealing (module reviving)
[2K[1A[2K[G[80%] sealing (module reviving RecordIdsPlugin)
[2K[1A[2K[G[80%] sealing (module reviving)
[2K[1A[2K[G[80%] sealing (before module ids)
[2K[1A[2K[G[81%] sealing (module ids)
[2K[1A[2K[G[81%] sealing (module ids NamedModuleIdsPlugin)
[2K[1A[2K[G[81%] sealing (module ids)
[2K[1A[2K[G[82%] sealing (module id optimization)
[2K[1A[2K[G[82%] sealing (module id optimization)
[2K[1A[2K[G[83%] sealing (chunk reviving)
[2K[1A[2K[G[83%] sealing (chunk reviving RecordIdsPlugin)
[2K[1A[2K[G[83%] sealing (chunk reviving)
[2K[1A[2K[G[83%] sealing (before chunk ids)
[2K[1A[2K[G[84%] sealing (chunk ids)
[2K[1A[2K[G[84%] sealing (chunk ids NamedChunkIdsPlugin)
[2K[1A[2K[G[84%] sealing (chunk ids)
[2K[1A[2K[G[85%] sealing (chunk id optimization)
[2K[1A[2K[G[85%] sealing (after chunk id optimization)
[2K[1A[2K[G[86%] sealing (record modules)
[2K[1A[2K[G[86%] sealing (record modules RecordIdsPlugin)
[2K[1A[2K[G[86%] sealing (record modules)
[2K[1A[2K[G[87%] sealing (record chunks)
[2K[1A[2K[G[87%] sealing (record chunks RecordIdsPlugin)
[2K[1A[2K[G[87%] sealing (record chunks)
[2K[1A[2K[G[87%] sealing (module hashing)
[2K[1A[2K[G[88%] sealing (code generation)
[2K[1A[2K[G[89%] sealing (runtime requirements)
[2K[1A[2K[G[89%] sealing (hashing)
[2K[1A[2K[G[90%] sealing (after hashing)
[2K[1A[2K[G[91%] sealing (record hash)
[2K[1A[2K[G[91%] sealing (module assets processing)
[2K[1A[2K[G[92%] sealing (chunk assets processing)
[2K[1A[2K[G[92%] sealing (asset processing)
[2K[1A[2K[G[92%] sealing (asset processing copy-webpack-plugin)
[2K[1A[2K[G[92%] sealing (asset processing HotModuleReplacementPlugin)
[2K[1A[2K[G[92%] sealing (asset processing ESLintWebpackPlugin_1)
[2K[1A[2K[G[92%] sealing (asset processing PersistentChildCompilerSingletonPlugin)
[2K[1A[2K[G[92%] sealing (asset processing HtmlWebpackPlugin)
[2K[1A[2K[G[92%] sealing (asset processing)
[2K[1A[2K[G[93%] sealing (after asset optimization)
[2K[1A[2K[G[94%] sealing (recording)
[2K[1A[2K[G[94%] sealing (recording HotModuleReplacementPlugin)
[2K[1A[2K[G[94%] sealing (recording)
[2K[1A[2K[G[94%] sealing (after seal)
[2K[1A[2K[G[95%] emitting (emit)
[2K[1A[2K[G[98%] emitting (after emit)
[2K[1A[2K[GBuild finished at 03:17:23 by 0.000s
[2K[1A[2K[GBuild finished at 03:17:23 by 0.000s
[2K[1A[2K[GBuild finished at 03:17:23 by 0.000s
[2K[1A[2K[G DONE  Compiled successfully in 156ms03:17:23

Build finished at 03:17:23 by 0.000s
[2K[1A[2K[G
  App running at:
  - Local:   http://localhost:8080/ 
  - Network: http://192.168.1.115:8080/

Build finished at 03:17:23 by 0.000s
[2K[1A[2K[GBuild finished at 03:17:23 by 0.000s
[2K[1A[2K[GBuild finished at 03:17:23 by 0.000s
[2K[1A[2K[GBuild finished at 03:17:23 by 0.000s
[2K[1A[2K[GBuild finished at 03:17:23 by 0.000s
[2K[1A[2K[GBuild finished at 03:17:23 by 0.000s
[2K[1A[2K[GBuild finished at 03:17:23 by 0.000s
[2K[1A[2K[GBuild finished at 03:17:23 by 0.000s
[2K[1A[2K[G WAIT  Compiling...03:17:27

Compiling...

[2K[1A[2K[G[1%] cache (end idle)
[2K[1A[2K[G[3%] setup (watch run)
[2K[1A[2K[G[3%] setup (watch run vue-loader-plugin)
[2K[1A[2K[G[3%] setup (watch run ESLintWebpackPlugin_1)
[2K[1A[2K[G[3%] setup (watch run webpack-dev-middleware)
[2K[1A[2K[G[3%] setup (watch run)
[2K[1A[2K[G[4%] setup (normal module factory)
[2K[1A[2K[G[4%] setup (normal module factory CaseSensitivePathsPlugin)
[2K[1A[2K[G[4%] setup (normal module factory)
[2K[1A[2K[G[5%] setup (context module factory)
[2K[1A[2K[G[6%] setup (before compile)
[2K[1A[2K[G[6%] setup (before compile ProgressPlugin)
[2K[1A[2K[G[6%] setup (before compile)
[2K[1A[2K[G[7%] setup (compile)
[2K[1A[2K[G[7%] setup (compile ExternalsPlugin)
[2K[1A[2K[G[7%] setup (compile)
[2K[1A[2K[G[8%] setup (compilation)
[2K[1A[2K[G[8%] setup (compilation CopyPlugin)
[2K[1A[2K[G[8%] setup (compilation ArrayPushCallbackChunkFormatPlugin)
[2K[1A[2K[G[8%] setup (compilation JsonpChunkLoadingPlugin)
[2K[1A[2K[G[8%] setup (compilation StartupChunkDependenciesPlugin)
[2K[1A[2K[G[8%] setup (compilation ImportScriptsChunkLoadingPlugin)
[2K[1A[2K[G[8%] setup (compilation FetchCompileWasmPlugin)
[2K[1A[2K[G[8%] setup (compilation FetchCompileAsyncWasmPlugin)
[2K[1A[2K[G[8%] setup (compilation WorkerPlugin)
[2K[1A[2K[G[8%] setup (compilation SplitChunksPlugin)
[2K[1A[2K[G[8%] setup (compilation ResolverCachePlugin)
[2K[1A[2K[G[8%] setup (compilation HtmlWebpackPlugin)
[2K[1A[2K[G[8%] setup (compilation)
[2K[1A[2K[G[9%] setup (compilation)
[2K[1A[2K[G[9%] setup (compilation vue-loader-plugin)
[2K[1A[2K[G[9%] setup (compilation DefinePlugin)
[2K[1A[2K[G[9%] setup (compilation ProgressPlugin)
[2K[1A[2K[G[9%] setup (compilation EntryPlugin)
[2K[1A[2K[G[9%] setup (compilation ChunkPrefetchPreloadPlugin)
[2K[1A[2K[G[9%] setup (compilation ModuleInfoHeaderPlugin)
[2K[1A[2K[G[9%] setup (compilation EvalSourceMapDevToolPlugin)
[2K[1A[2K[G[9%] setup (compilation JavascriptModulesPlugin)
[2K[1A[2K[G[9%] setup (compilation JsonModulesPlugin)
[2K[1A[2K[G[9%] setup (compilation AssetModulesPlugin)
[2K[1A[2K[G[9%] setup (compilation EntryPlugin)
[2K[1A[2K[G[9%] setup (compilation RuntimePlugin)
[2K[1A[2K[G[9%] setup (compilation InferAsyncModulesPlugin)
[2K[1A[2K[G[9%] setup (compilation DataUriPlugin)
[2K[1A[2K[G[9%] setup (compilation FileUriPlugin)
[2K[1A[2K[G[9%] setup (compilation CompatibilityPlugin)
[2K[1A[2K[G[9%] setup (compilation HarmonyModulesPlugin)
[2K[1A[2K[G[9%] setup (compilation AMDPlugin)
[2K[1A[2K[G[9%] setup (compilation RequireJsStuffPlugin)
[2K[1A[2K[G[9%] setup (compilation CommonJsPlugin)
[2K[1A[2K[G[9%] setup (compilation LoaderPlugin)
[2K[1A[2K[G[9%] setup (compilation NodeStuffPlugin)
[2K[1A[2K[G[9%] setup (compilation APIPlugin)
[2K[1A[2K[G[9%] setup (compilation ExportsInfoApiPlugin)
[2K[1A[2K[G[9%] setup (compilation WebpackIsIncludedPlugin)
[2K[1A[2K[G[9%] setup (compilation ConstPlugin)
[2K[1A[2K[G[9%] setup (compilation UseStrictPlugin)
[2K[1A[2K[G[9%] setup (compilation RequireIncludePlugin)
[2K[1A[2K[G[9%] setup (compilation RequireEnsurePlugin)
[2K[1A[2K[G[9%] setup (compilation RequireContextPlugin)
[2K[1A[2K[G[9%] setup (compilation ImportPlugin)
[2K[1A[2K[G[9%] setup (compilation ImportMetaContextPlugin)
[2K[1A[2K[G[9%] setup (compilation SystemPlugin)
[2K[1A[2K[G[9%] setup (compilation ImportMetaPlugin)
[2K[1A[2K[G[9%] setup (compilation URLPlugin)
[2K[1A[2K[G[9%] setup (compilation DefaultStatsFactoryPlugin)
[2K[1A[2K[G[9%] setup (compilation DefaultStatsPresetPlugin)
[2K[1A[2K[G[9%] setup (compilation DefaultStatsPrinterPlugin)
[2K[1A[2K[G[9%] setup (compilation JavascriptMetaInfoPlugin)
[2K[1A[2K[G[9%] setup (compilation EnsureChunkConditionsPlugin)
[2K[1A[2K[G[9%] setup (compilation RemoveEmptyChunksPlugin)
[2K[1A[2K[G[9%] setup (compilation MergeDuplicateChunksPlugin)
[2K[1A[2K[G[9%] setup (compilation SideEffectsFlagPlugin)
[2K[1A[2K[G[9%] setup (compilation FlagDependencyExportsPlugin)
[2K[1A[2K[G[9%] setup (compilation NamedModuleIdsPlugin)
[2K[1A[2K[G[9%] setup (compilation NamedChunkIdsPlugin)
[2K[1A[2K[G[9%] setup (compilation DefinePlugin)
[2K[1A[2K[G[9%] setup (compilation TemplatedPathPlugin)
[2K[1A[2K[G[9%] setup (compilation RecordIdsPlugin)
[2K[1A[2K[G[9%] setup (compilation WarnCaseSensitiveModulesPlugin)
[2K[1A[2K[G[9%] setup (compilation EntryPlugin)
[2K[1A[2K[G[9%] setup (compilation ProvidePlugin)
[2K[1A[2K[G[9%] setup (compilation HotModuleReplacementPlugin)
[2K[1A[2K[G[9%] setup (compilation ProgressPlugin)
[2K[1A[2K[G[9%] setup (compilation ESLintWebpackPlugin_1)
[2K[1A[2K[G[9%] setup (compilation)
[2K[1A[2K[G[10%] building 
[2K[1A[2K[G[10%] building (0/0 modules)
[2K[1A[2K[G[24%] building (1/4 modules)
[2K[1A[2K[G[38%] building (34/8 modules)
[2K[1A[2K[G[51%] building (149/12 modules)
[2K[1A[2K[G[51%] building (import loader vue-loader/dist/index.js)
[2K[1A[2K[G[51%] building (149/13 modules)
[2K[1A[2K[G[51%] building (import loader babel-loader/lib/index.js)
[2K[1A[2K[G[51%] building (import loader vue-loader/dist/templateLoader.js)
[2K[1A[2K[G[51%] building (155/20 modules)
[2K[1A[2K[G[51%] building (import loader css-loader/dist/cjs.js)
[2K[1A[2K[G[51%] building (import loader vue-loader/dist/stylePostLoader.js)
[2K[1A[2K[G[51%] building (import loader postcss-loader/dist/cjs.js)
[2K[1A[2K[G[51%] building (155/21 modules)
[2K[1A[2K[G[65%] building (175/32 modules)
[2K[1A[2K[G[65%] building 
[2K[1A[2K[G[69%] building (finish)
[2K[1A[2K[G[70%] sealing (finish module graph)
[2K[1A[2K[G[70%] sealing (finish module graph ResolverCachePlugin)
[2K[1A[2K[G[70%] sealing (finish module graph InferAsyncModulesPlugin)
[2K[1A[2K[G[70%] sealing (finish module graph FlagDependencyExportsPlugin)
[2K[1A[2K[G[70%] sealing (finish module graph ESLintWebpackPlugin_1)
[2K[1A[2K[G[70%] sealing (finish module graph)
[2K[1A[2K[G[71%] sealing (plugins)
[2K[1A[2K[G[71%] sealing (plugins WarnCaseSensitiveModulesPlugin)
[2K[1A[2K[G[71%] sealing (plugins)
[2K[1A[2K[G[71%] sealing (dependencies optimization)
[2K[1A[2K[G[71%] sealing (dependencies optimization SideEffectsFlagPlugin)
[2K[1A[2K[G[71%] sealing (dependencies optimization)
[2K[1A[2K[G[72%] sealing (after dependencies optimization)
[2K[1A[2K[G[73%] sealing (chunk graph)
[2K[1A[2K[G[73%] sealing (after chunk graph)
[2K[1A[2K[G[74%] sealing (optimizing)
[2K[1A[2K[G[74%] sealing (module optimization)
[2K[1A[2K[G[75%] sealing (after module optimization)
[2K[1A[2K[G[76%] sealing (chunk optimization)
[2K[1A[2K[G[76%] sealing (chunk optimization EnsureChunkConditionsPlugin)
[2K[1A[2K[G[76%] sealing (chunk optimization RemoveEmptyChunksPlugin)
[2K[1A[2K[G[76%] sealing (chunk optimization MergeDuplicateChunksPlugin)
[2K[1A[2K[G[76%] sealing (chunk optimization SplitChunksPlugin)
[2K[1A[2K[G[76%] sealing (chunk optimization RemoveEmptyChunksPlugin)
[2K[1A[2K[G[76%] sealing (chunk optimization)
[2K[1A[2K[G[76%] sealing (after chunk optimization)
[2K[1A[2K[G[77%] sealing (module and chunk tree optimization)
[2K[1A[2K[G[77%] sealing (module and chunk tree optimization PersistentChildCompilerSinglet
onPlugin)
[2K[1A[2K[1A[2K[G[77%] sealing (module and chunk tree optimization)
[2K[1A[2K[G[78%] sealing (after module and chunk tree optimization)
[2K[1A[2K[G[78%] sealing (chunk modules optimization)
[2K[1A[2K[G[79%] sealing (after chunk modules optimization)
[2K[1A[2K[G[80%] sealing (module reviving)
[2K[1A[2K[G[80%] sealing (module reviving RecordIdsPlugin)
[2K[1A[2K[G[80%] sealing (module reviving)
[2K[1A[2K[G[80%] sealing (before module ids)
[2K[1A[2K[G[81%] sealing (module ids)
[2K[1A[2K[G[81%] sealing (module ids NamedModuleIdsPlugin)
[2K[1A[2K[G[81%] sealing (module ids)
[2K[1A[2K[G[82%] sealing (module id optimization)
[2K[1A[2K[G[82%] sealing (module id optimization)
[2K[1A[2K[G[83%] sealing (chunk reviving)
[2K[1A[2K[G[83%] sealing (chunk reviving RecordIdsPlugin)
[2K[1A[2K[G[83%] sealing (chunk reviving)
[2K[1A[2K[G[83%] sealing (before chunk ids)
[2K[1A[2K[G[84%] sealing (chunk ids)
[2K[1A[2K[G[84%] sealing (chunk ids NamedChunkIdsPlugin)
[2K[1A[2K[G[84%] sealing (chunk ids)
[2K[1A[2K[G[85%] sealing (chunk id optimization)
[2K[1A[2K[G[85%] sealing (after chunk id optimization)
[2K[1A[2K[G[86%] sealing (record modules)
[2K[1A[2K[G[86%] sealing (record modules RecordIdsPlugin)
[2K[1A[2K[G[86%] sealing (record modules)
[2K[1A[2K[G[87%] sealing (record chunks)
[2K[1A[2K[G[87%] sealing (record chunks RecordIdsPlugin)
[2K[1A[2K[G[87%] sealing (record chunks)
[2K[1A[2K[G[87%] sealing (module hashing)
[2K[1A[2K[G[88%] sealing (code generation)
[2K[1A[2K[G[89%] sealing (runtime requirements)
[2K[1A[2K[G[89%] sealing (hashing)
[2K[1A[2K[G[90%] sealing (after hashing)
[2K[1A[2K[G[91%] sealing (record hash)
[2K[1A[2K[G[91%] sealing (module assets processing)
[2K[1A[2K[G[92%] sealing (chunk assets processing)
[2K[1A[2K[G[92%] sealing (asset processing)
[2K[1A[2K[G[92%] sealing (asset processing copy-webpack-plugin)
[2K[1A[2K[G[92%] sealing (asset processing HotModuleReplacementPlugin)
[2K[1A[2K[G[92%] sealing (asset processing ESLintWebpackPlugin_1)
[2K[1A[2K[G[92%] sealing (asset processing PersistentChildCompilerSingletonPlugin)
[2K[1A[2K[G[92%] sealing (asset processing HtmlWebpackPlugin)
[2K[1A[2K[G[92%] sealing (asset processing)
[2K[1A[2K[G[93%] sealing (after asset optimization)
[2K[1A[2K[G[94%] sealing (recording)
[2K[1A[2K[G[94%] sealing (recording HotModuleReplacementPlugin)
[2K[1A[2K[G[94%] sealing (recording)
[2K[1A[2K[G[94%] sealing (after seal)
[2K[1A[2K[G[95%] emitting (emit)
[2K[1A[2K[G[98%] emitting (after emit)
[2K[1A[2K[GBuild finished at 03:17:27 by 0.000s
[2K[1A[2K[GBuild finished at 03:17:27 by 0.000s
[2K[1A[2K[GBuild finished at 03:17:27 by 0.000s
[2K[1A[2K[G DONE  Compiled successfully in 128ms03:17:27

Build finished at 03:17:27 by 0.000s
[2K[1A[2K[G
  App running at:
  - Local:   http://localhost:8080/ 
  - Network: http://192.168.1.115:8080/

Build finished at 03:17:27 by 0.000s
[2K[1A[2K[GBuild finished at 03:17:27 by 0.000s
[2K[1A[2K[GBuild finished at 03:17:27 by 0.000s
[2K[1A[2K[GBuild finished at 03:17:27 by 0.000s
[2K[1A[2K[GBuild finished at 03:17:27 by 0.000s
[2K[1A[2K[GBuild finished at 03:17:27 by 0.000s
[2K[1A[2K[GBuild finished at 03:17:27 by 0.000s
[2K[1A[2K[GBuild finished at 03:17:27 by 0.000s
[2K[1A[2K[G WAIT  Compiling...03:23:58

Compiling...

[2K[1A[2K[G[1%] cache (end idle)
[2K[1A[2K[G[3%] setup (watch run)
[2K[1A[2K[G[3%] setup (watch run vue-loader-plugin)
[2K[1A[2K[G[3%] setup (watch run ESLintWebpackPlugin_1)
[2K[1A[2K[G[3%] setup (watch run webpack-dev-middleware)
[2K[1A[2K[G[3%] setup (watch run)
[2K[1A[2K[G[4%] setup (normal module factory)
[2K[1A[2K[G[4%] setup (normal module factory CaseSensitivePathsPlugin)
[2K[1A[2K[G[4%] setup (normal module factory)
[2K[1A[2K[G[5%] setup (context module factory)
[2K[1A[2K[G[6%] setup (before compile)
[2K[1A[2K[G[6%] setup (before compile ProgressPlugin)
[2K[1A[2K[G[6%] setup (before compile)
[2K[1A[2K[G[7%] setup (compile)
[2K[1A[2K[G[7%] setup (compile ExternalsPlugin)
[2K[1A[2K[G[7%] setup (compile)
[2K[1A[2K[G[8%] setup (compilation)
[2K[1A[2K[G[8%] setup (compilation CopyPlugin)
[2K[1A[2K[G[8%] setup (compilation ArrayPushCallbackChunkFormatPlugin)
[2K[1A[2K[G[8%] setup (compilation JsonpChunkLoadingPlugin)
[2K[1A[2K[G[8%] setup (compilation StartupChunkDependenciesPlugin)
[2K[1A[2K[G[8%] setup (compilation ImportScriptsChunkLoadingPlugin)
[2K[1A[2K[G[8%] setup (compilation FetchCompileWasmPlugin)
[2K[1A[2K[G[8%] setup (compilation FetchCompileAsyncWasmPlugin)
[2K[1A[2K[G[8%] setup (compilation WorkerPlugin)
[2K[1A[2K[G[8%] setup (compilation SplitChunksPlugin)
[2K[1A[2K[G[8%] setup (compilation ResolverCachePlugin)
[2K[1A[2K[G[8%] setup (compilation HtmlWebpackPlugin)
[2K[1A[2K[G[8%] setup (compilation)
[2K[1A[2K[G[9%] setup (compilation)
[2K[1A[2K[G[9%] setup (compilation vue-loader-plugin)
[2K[1A[2K[G[9%] setup (compilation DefinePlugin)
[2K[1A[2K[G[9%] setup (compilation ProgressPlugin)
[2K[1A[2K[G[9%] setup (compilation EntryPlugin)
[2K[1A[2K[G[9%] setup (compilation ChunkPrefetchPreloadPlugin)
[2K[1A[2K[G[9%] setup (compilation ModuleInfoHeaderPlugin)
[2K[1A[2K[G[9%] setup (compilation EvalSourceMapDevToolPlugin)
[2K[1A[2K[G[9%] setup (compilation JavascriptModulesPlugin)
[2K[1A[2K[G[9%] setup (compilation JsonModulesPlugin)
[2K[1A[2K[G[9%] setup (compilation AssetModulesPlugin)
[2K[1A[2K[G[9%] setup (compilation EntryPlugin)
[2K[1A[2K[G[9%] setup (compilation RuntimePlugin)
[2K[1A[2K[G[9%] setup (compilation InferAsyncModulesPlugin)
[2K[1A[2K[G[9%] setup (compilation DataUriPlugin)
[2K[1A[2K[G[9%] setup (compilation FileUriPlugin)
[2K[1A[2K[G[9%] setup (compilation CompatibilityPlugin)
[2K[1A[2K[G[9%] setup (compilation HarmonyModulesPlugin)
[2K[1A[2K[G[9%] setup (compilation AMDPlugin)
[2K[1A[2K[G[9%] setup (compilation RequireJsStuffPlugin)
[2K[1A[2K[G[9%] setup (compilation CommonJsPlugin)
[2K[1A[2K[G[9%] setup (compilation LoaderPlugin)
[2K[1A[2K[G[9%] setup (compilation NodeStuffPlugin)
[2K[1A[2K[G[9%] setup (compilation APIPlugin)
[2K[1A[2K[G[9%] setup (compilation ExportsInfoApiPlugin)
[2K[1A[2K[G[9%] setup (compilation WebpackIsIncludedPlugin)
[2K[1A[2K[G[9%] setup (compilation ConstPlugin)
[2K[1A[2K[G[9%] setup (compilation UseStrictPlugin)
[2K[1A[2K[G[9%] setup (compilation RequireIncludePlugin)
[2K[1A[2K[G[9%] setup (compilation RequireEnsurePlugin)
[2K[1A[2K[G[9%] setup (compilation RequireContextPlugin)
[2K[1A[2K[G[9%] setup (compilation ImportPlugin)
[2K[1A[2K[G[9%] setup (compilation ImportMetaContextPlugin)
[2K[1A[2K[G[9%] setup (compilation SystemPlugin)
[2K[1A[2K[G[9%] setup (compilation ImportMetaPlugin)
[2K[1A[2K[G[9%] setup (compilation URLPlugin)
[2K[1A[2K[G[9%] setup (compilation DefaultStatsFactoryPlugin)
[2K[1A[2K[G[9%] setup (compilation DefaultStatsPresetPlugin)
[2K[1A[2K[G[9%] setup (compilation DefaultStatsPrinterPlugin)
[2K[1A[2K[G[9%] setup (compilation JavascriptMetaInfoPlugin)
[2K[1A[2K[G[9%] setup (compilation EnsureChunkConditionsPlugin)
[2K[1A[2K[G[9%] setup (compilation RemoveEmptyChunksPlugin)
[2K[1A[2K[G[9%] setup (compilation MergeDuplicateChunksPlugin)
[2K[1A[2K[G[9%] setup (compilation SideEffectsFlagPlugin)
[2K[1A[2K[G[9%] setup (compilation FlagDependencyExportsPlugin)
[2K[1A[2K[G[9%] setup (compilation NamedModuleIdsPlugin)
[2K[1A[2K[G[9%] setup (compilation NamedChunkIdsPlugin)
[2K[1A[2K[G[9%] setup (compilation DefinePlugin)
[2K[1A[2K[G[9%] setup (compilation TemplatedPathPlugin)
[2K[1A[2K[G[9%] setup (compilation RecordIdsPlugin)
[2K[1A[2K[G[9%] setup (compilation WarnCaseSensitiveModulesPlugin)
[2K[1A[2K[G[9%] setup (compilation EntryPlugin)
[2K[1A[2K[G[9%] setup (compilation ProvidePlugin)
[2K[1A[2K[G[9%] setup (compilation HotModuleReplacementPlugin)
[2K[1A[2K[G[9%] setup (compilation ProgressPlugin)
[2K[1A[2K[G[9%] setup (compilation ESLintWebpackPlugin_1)
[2K[1A[2K[G[9%] setup (compilation)
[2K[1A[2K[G[10%] building 
[2K[1A[2K[G[10%] building (0/0 modules)
[2K[1A[2K[G[24%] building (5/4 modules)
[2K[1A[2K[G[38%] building (14/4 modules)
[2K[1A[2K[G[51%] building (125/10 modules)
[2K[1A[2K[G[51%] building (import loader vue-loader/dist/index.js)
[2K[1A[2K[G[51%] building (155/13 modules)
[2K[1A[2K[G[51%] building (import loader babel-loader/lib/index.js)
[2K[1A[2K[G[51%] building (import loader vue-loader/dist/templateLoader.js)
[2K[1A[2K[G[51%] building (155/20 modules)
[2K[1A[2K[G[51%] building (import loader css-loader/dist/cjs.js)
[2K[1A[2K[G[51%] building (import loader vue-loader/dist/stylePostLoader.js)
[2K[1A[2K[G[51%] building (import loader postcss-loader/dist/cjs.js)
[2K[1A[2K[G[51%] building (155/21 modules)
[2K[1A[2K[G[65%] building (175/32 modules)
[2K[1A[2K[G[65%] building 
[2K[1A[2K[G[69%] building (finish)
[2K[1A[2K[G[70%] sealing (finish module graph)
[2K[1A[2K[G[70%] sealing (finish module graph ResolverCachePlugin)
[2K[1A[2K[G[70%] sealing (finish module graph InferAsyncModulesPlugin)
[2K[1A[2K[G[70%] sealing (finish module graph FlagDependencyExportsPlugin)
[2K[1A[2K[G[70%] sealing (finish module graph ESLintWebpackPlugin_1)
[2K[1A[2K[G[70%] sealing (finish module graph)
[2K[1A[2K[G[71%] sealing (plugins)
[2K[1A[2K[G[71%] sealing (plugins WarnCaseSensitiveModulesPlugin)
[2K[1A[2K[G[71%] sealing (plugins)
[2K[1A[2K[G[71%] sealing (dependencies optimization)
[2K[1A[2K[G[71%] sealing (dependencies optimization SideEffectsFlagPlugin)
[2K[1A[2K[G[71%] sealing (dependencies optimization)
[2K[1A[2K[G[72%] sealing (after dependencies optimization)
[2K[1A[2K[G[73%] sealing (chunk graph)
[2K[1A[2K[G[73%] sealing (after chunk graph)
[2K[1A[2K[G[74%] sealing (optimizing)
[2K[1A[2K[G[74%] sealing (module optimization)
[2K[1A[2K[G[75%] sealing (after module optimization)
[2K[1A[2K[G[76%] sealing (chunk optimization)
[2K[1A[2K[G[76%] sealing (chunk optimization EnsureChunkConditionsPlugin)
[2K[1A[2K[G[76%] sealing (chunk optimization RemoveEmptyChunksPlugin)
[2K[1A[2K[G[76%] sealing (chunk optimization MergeDuplicateChunksPlugin)
[2K[1A[2K[G[76%] sealing (chunk optimization SplitChunksPlugin)
[2K[1A[2K[G[76%] sealing (chunk optimization RemoveEmptyChunksPlugin)
[2K[1A[2K[G[76%] sealing (chunk optimization)
[2K[1A[2K[G[76%] sealing (after chunk optimization)
[2K[1A[2K[G[77%] sealing (module and chunk tree optimization)
[2K[1A[2K[G[77%] sealing (module and chunk tree optimization PersistentChildCompilerSinglet
onPlugin)
[2K[1A[2K[1A[2K[G[77%] sealing (module and chunk tree optimization)
[2K[1A[2K[G[78%] sealing (after module and chunk tree optimization)
[2K[1A[2K[G[78%] sealing (chunk modules optimization)
[2K[1A[2K[G[79%] sealing (after chunk modules optimization)
[2K[1A[2K[G[80%] sealing (module reviving)
[2K[1A[2K[G[80%] sealing (module reviving RecordIdsPlugin)
[2K[1A[2K[G[80%] sealing (module reviving)
[2K[1A[2K[G[80%] sealing (before module ids)
[2K[1A[2K[G[81%] sealing (module ids)
[2K[1A[2K[G[81%] sealing (module ids NamedModuleIdsPlugin)
[2K[1A[2K[G[81%] sealing (module ids)
[2K[1A[2K[G[82%] sealing (module id optimization)
[2K[1A[2K[G[82%] sealing (module id optimization)
[2K[1A[2K[G[83%] sealing (chunk reviving)
[2K[1A[2K[G[83%] sealing (chunk reviving RecordIdsPlugin)
[2K[1A[2K[G[83%] sealing (chunk reviving)
[2K[1A[2K[G[83%] sealing (before chunk ids)
[2K[1A[2K[G[84%] sealing (chunk ids)
[2K[1A[2K[G[84%] sealing (chunk ids NamedChunkIdsPlugin)
[2K[1A[2K[G[84%] sealing (chunk ids)
[2K[1A[2K[G[85%] sealing (chunk id optimization)
[2K[1A[2K[G[85%] sealing (after chunk id optimization)
[2K[1A[2K[G[86%] sealing (record modules)
[2K[1A[2K[G[86%] sealing (record modules RecordIdsPlugin)
[2K[1A[2K[G[86%] sealing (record modules)
[2K[1A[2K[G[87%] sealing (record chunks)
[2K[1A[2K[G[87%] sealing (record chunks RecordIdsPlugin)
[2K[1A[2K[G[87%] sealing (record chunks)
[2K[1A[2K[G[87%] sealing (module hashing)
[2K[1A[2K[G[88%] sealing (code generation)
[2K[1A[2K[G[89%] sealing (runtime requirements)
[2K[1A[2K[G[89%] sealing (hashing)
[2K[1A[2K[G[90%] sealing (after hashing)
[2K[1A[2K[G[91%] sealing (record hash)
[2K[1A[2K[G[91%] sealing (module assets processing)
[2K[1A[2K[G[92%] sealing (chunk assets processing)
[2K[1A[2K[G[92%] sealing (asset processing)
[2K[1A[2K[G[92%] sealing (asset processing copy-webpack-plugin)
[2K[1A[2K[G[92%] sealing (asset processing HotModuleReplacementPlugin)
[2K[1A[2K[G[92%] sealing (asset processing ESLintWebpackPlugin_1)
[2K[1A[2K[G[92%] sealing (asset processing PersistentChildCompilerSingletonPlugin)
[2K[1A[2K[G[92%] sealing (asset processing HtmlWebpackPlugin)
[2K[1A[2K[G[92%] sealing (asset processing)
[2K[1A[2K[G[93%] sealing (after asset optimization)
[2K[1A[2K[G[94%] sealing (recording)
[2K[1A[2K[G[94%] sealing (recording HotModuleReplacementPlugin)
[2K[1A[2K[G[94%] sealing (recording)
[2K[1A[2K[G[94%] sealing (after seal)
[2K[1A[2K[G[95%] emitting (emit)
[2K[1A[2K[G[98%] emitting (after emit)
[2K[1A[2K[GBuild finished at 03:23:58 by 0.000s
[2K[1A[2K[GBuild finished at 03:23:58 by 0.000s
[2K[1A[2K[GBuild finished at 03:23:58 by 0.000s
[2K[1A[2K[G DONE  Compiled successfully in 171ms03:23:58

Build finished at 03:23:58 by 0.000s
[2K[1A[2K[G
  App running at:
  - Local:   http://localhost:8080/ 
  - Network: http://192.168.1.115:8080/

Build finished at 03:23:58 by 0.000s
[2K[1A[2K[GBuild finished at 03:23:58 by 0.000s
[2K[1A[2K[GBuild finished at 03:23:58 by 0.000s
[2K[1A[2K[GBuild finished at 03:23:58 by 0.000s
[2K[1A[2K[GBuild finished at 03:23:58 by 0.000s
[2K[1A[2K[GBuild finished at 03:23:58 by 0.000s
[2K[1A[2K[GBuild finished at 03:23:58 by 0.000s
[2K[1A[2K[GBuild finished at 03:23:58 by 0.000s
[2K[1A[2K[G WAIT  Compiling...03:39:52

Compiling...

[2K[1A[2K[G[1%] cache (end idle)
[2K[1A[2K[G[3%] setup (watch run)
[2K[1A[2K[G[3%] setup (watch run vue-loader-plugin)
[2K[1A[2K[G[3%] setup (watch run ESLintWebpackPlugin_1)
[2K[1A[2K[G[3%] setup (watch run webpack-dev-middleware)
[2K[1A[2K[G[3%] setup (watch run)
[2K[1A[2K[G[4%] setup (normal module factory)
[2K[1A[2K[G[4%] setup (normal module factory CaseSensitivePathsPlugin)
[2K[1A[2K[G[4%] setup (normal module factory)
[2K[1A[2K[G[5%] setup (context module factory)
[2K[1A[2K[G[6%] setup (before compile)
[2K[1A[2K[G[6%] setup (before compile ProgressPlugin)
[2K[1A[2K[G[6%] setup (before compile)
[2K[1A[2K[G[7%] setup (compile)
[2K[1A[2K[G[7%] setup (compile ExternalsPlugin)
[2K[1A[2K[G[7%] setup (compile)
[2K[1A[2K[G[8%] setup (compilation)
[2K[1A[2K[G[8%] setup (compilation CopyPlugin)
[2K[1A[2K[G[8%] setup (compilation ArrayPushCallbackChunkFormatPlugin)
[2K[1A[2K[G[8%] setup (compilation JsonpChunkLoadingPlugin)
[2K[1A[2K[G[8%] setup (compilation StartupChunkDependenciesPlugin)
[2K[1A[2K[G[8%] setup (compilation ImportScriptsChunkLoadingPlugin)
[2K[1A[2K[G[8%] setup (compilation FetchCompileWasmPlugin)
[2K[1A[2K[G[8%] setup (compilation FetchCompileAsyncWasmPlugin)
[2K[1A[2K[G[8%] setup (compilation WorkerPlugin)
[2K[1A[2K[G[8%] setup (compilation SplitChunksPlugin)
[2K[1A[2K[G[8%] setup (compilation ResolverCachePlugin)
[2K[1A[2K[G[8%] setup (compilation HtmlWebpackPlugin)
[2K[1A[2K[G[8%] setup (compilation)
[2K[1A[2K[G[9%] setup (compilation)
[2K[1A[2K[G[9%] setup (compilation vue-loader-plugin)
[2K[1A[2K[G[9%] setup (compilation DefinePlugin)
[2K[1A[2K[G[9%] setup (compilation ProgressPlugin)
[2K[1A[2K[G[9%] setup (compilation EntryPlugin)
[2K[1A[2K[G[9%] setup (compilation ChunkPrefetchPreloadPlugin)
[2K[1A[2K[G[9%] setup (compilation ModuleInfoHeaderPlugin)
[2K[1A[2K[G[9%] setup (compilation EvalSourceMapDevToolPlugin)
[2K[1A[2K[G[9%] setup (compilation JavascriptModulesPlugin)
[2K[1A[2K[G[9%] setup (compilation JsonModulesPlugin)
[2K[1A[2K[G[9%] setup (compilation AssetModulesPlugin)
[2K[1A[2K[G[9%] setup (compilation EntryPlugin)
[2K[1A[2K[G[9%] setup (compilation RuntimePlugin)
[2K[1A[2K[G[9%] setup (compilation InferAsyncModulesPlugin)
[2K[1A[2K[G[9%] setup (compilation DataUriPlugin)
[2K[1A[2K[G[9%] setup (compilation FileUriPlugin)
[2K[1A[2K[G[9%] setup (compilation CompatibilityPlugin)
[2K[1A[2K[G[9%] setup (compilation HarmonyModulesPlugin)
[2K[1A[2K[G[9%] setup (compilation AMDPlugin)
[2K[1A[2K[G[9%] setup (compilation RequireJsStuffPlugin)
[2K[1A[2K[G[9%] setup (compilation CommonJsPlugin)
[2K[1A[2K[G[9%] setup (compilation LoaderPlugin)
[2K[1A[2K[G[9%] setup (compilation NodeStuffPlugin)
[2K[1A[2K[G[9%] setup (compilation APIPlugin)
[2K[1A[2K[G[9%] setup (compilation ExportsInfoApiPlugin)
[2K[1A[2K[G[9%] setup (compilation WebpackIsIncludedPlugin)
[2K[1A[2K[G[9%] setup (compilation ConstPlugin)
[2K[1A[2K[G[9%] setup (compilation UseStrictPlugin)
[2K[1A[2K[G[9%] setup (compilation RequireIncludePlugin)
[2K[1A[2K[G[9%] setup (compilation RequireEnsurePlugin)
[2K[1A[2K[G[9%] setup (compilation RequireContextPlugin)
[2K[1A[2K[G[9%] setup (compilation ImportPlugin)
[2K[1A[2K[G[9%] setup (compilation ImportMetaContextPlugin)
[2K[1A[2K[G[9%] setup (compilation SystemPlugin)
[2K[1A[2K[G[9%] setup (compilation ImportMetaPlugin)
[2K[1A[2K[G[9%] setup (compilation URLPlugin)
[2K[1A[2K[G[9%] setup (compilation DefaultStatsFactoryPlugin)
[2K[1A[2K[G[9%] setup (compilation DefaultStatsPresetPlugin)
[2K[1A[2K[G[9%] setup (compilation DefaultStatsPrinterPlugin)
[2K[1A[2K[G[9%] setup (compilation JavascriptMetaInfoPlugin)
[2K[1A[2K[G[9%] setup (compilation EnsureChunkConditionsPlugin)
[2K[1A[2K[G[9%] setup (compilation RemoveEmptyChunksPlugin)
[2K[1A[2K[G[9%] setup (compilation MergeDuplicateChunksPlugin)
[2K[1A[2K[G[9%] setup (compilation SideEffectsFlagPlugin)
[2K[1A[2K[G[9%] setup (compilation FlagDependencyExportsPlugin)
[2K[1A[2K[G[9%] setup (compilation NamedModuleIdsPlugin)
[2K[1A[2K[G[9%] setup (compilation NamedChunkIdsPlugin)
[2K[1A[2K[G[9%] setup (compilation DefinePlugin)
[2K[1A[2K[G[9%] setup (compilation TemplatedPathPlugin)
[2K[1A[2K[G[9%] setup (compilation RecordIdsPlugin)
[2K[1A[2K[G[9%] setup (compilation WarnCaseSensitiveModulesPlugin)
[2K[1A[2K[G[9%] setup (compilation EntryPlugin)
[2K[1A[2K[G[9%] setup (compilation ProvidePlugin)
[2K[1A[2K[G[9%] setup (compilation HotModuleReplacementPlugin)
[2K[1A[2K[G[9%] setup (compilation ProgressPlugin)
[2K[1A[2K[G[9%] setup (compilation ESLintWebpackPlugin_1)
[2K[1A[2K[G[9%] setup (compilation)
[2K[1A[2K[G[10%] building 
[2K[1A[2K[G[10%] building (0/0 modules)
[2K[1A[2K[G[24%] building (1/4 modules)
[2K[1A[2K[G[38%] building (36/7 modules)
[2K[1A[2K[G[51%] building (142/11 modules)
[2K[1A[2K[G[51%] building (import loader vue-loader/dist/index.js)
[2K[1A[2K[G[51%] building (155/13 modules)
[2K[1A[2K[G[51%] building (import loader babel-loader/lib/index.js)
[2K[1A[2K[G[51%] building (import loader vue-loader/dist/templateLoader.js)
[2K[1A[2K[G[51%] building (155/20 modules)
[2K[1A[2K[G[51%] building (import loader css-loader/dist/cjs.js)
[2K[1A[2K[G[51%] building (import loader vue-loader/dist/stylePostLoader.js)
[2K[1A[2K[G[51%] building (import loader postcss-loader/dist/cjs.js)
[2K[1A[2K[G[51%] building (155/21 modules)
[2K[1A[2K[G[51%] building (import loader vue-loader/dist/pitcher.js)
[2K[1A[2K[G[51%] building (165/34 modules)
[2K[1A[2K[G[51%] building (import loader vue-style-loader/index.js)
[2K[1A[2K[G[51%] building (165/34 modules)
[2K[1A[2K[G[65%] building (183/42 modules)
[2K[1A[2K[G[65%] building 
[2K[1A[2K[G[69%] building (finish)
[2K[1A[2K[G[70%] sealing (finish module graph)
[2K[1A[2K[G[70%] sealing (finish module graph ResolverCachePlugin)
[2K[1A[2K[G[70%] sealing (finish module graph InferAsyncModulesPlugin)
[2K[1A[2K[G[70%] sealing (finish module graph FlagDependencyExportsPlugin)
[2K[1A[2K[G[70%] sealing (finish module graph ESLintWebpackPlugin_1)
[2K[1A[2K[G[70%] sealing (finish module graph)
[2K[1A[2K[G[71%] sealing (plugins)
[2K[1A[2K[G[71%] sealing (plugins WarnCaseSensitiveModulesPlugin)
[2K[1A[2K[G[71%] sealing (plugins)
[2K[1A[2K[G[71%] sealing (dependencies optimization)
[2K[1A[2K[G[71%] sealing (dependencies optimization SideEffectsFlagPlugin)
[2K[1A[2K[G[71%] sealing (dependencies optimization)
[2K[1A[2K[G[72%] sealing (after dependencies optimization)
[2K[1A[2K[G[73%] sealing (chunk graph)
[2K[1A[2K[G[73%] sealing (after chunk graph)
[2K[1A[2K[G[74%] sealing (optimizing)
[2K[1A[2K[G[74%] sealing (module optimization)
[2K[1A[2K[G[75%] sealing (after module optimization)
[2K[1A[2K[G[76%] sealing (chunk optimization)
[2K[1A[2K[G[76%] sealing (chunk optimization EnsureChunkConditionsPlugin)
[2K[1A[2K[G[76%] sealing (chunk optimization RemoveEmptyChunksPlugin)
[2K[1A[2K[G[76%] sealing (chunk optimization MergeDuplicateChunksPlugin)
[2K[1A[2K[G[76%] sealing (chunk optimization SplitChunksPlugin)
[2K[1A[2K[G[76%] sealing (chunk optimization RemoveEmptyChunksPlugin)
[2K[1A[2K[G[76%] sealing (chunk optimization)
[2K[1A[2K[G[76%] sealing (after chunk optimization)
[2K[1A[2K[G[77%] sealing (module and chunk tree optimization)
[2K[1A[2K[G[77%] sealing (module and chunk tree optimization PersistentChildCompilerSinglet
onPlugin)
[2K[1A[2K[1A[2K[G[77%] sealing (module and chunk tree optimization)
[2K[1A[2K[G[78%] sealing (after module and chunk tree optimization)
[2K[1A[2K[G[78%] sealing (chunk modules optimization)
[2K[1A[2K[G[79%] sealing (after chunk modules optimization)
[2K[1A[2K[G[80%] sealing (module reviving)
[2K[1A[2K[G[80%] sealing (module reviving RecordIdsPlugin)
[2K[1A[2K[G[80%] sealing (module reviving)
[2K[1A[2K[G[80%] sealing (before module ids)
[2K[1A[2K[G[81%] sealing (module ids)
[2K[1A[2K[G[81%] sealing (module ids NamedModuleIdsPlugin)
[2K[1A[2K[G[81%] sealing (module ids)
[2K[1A[2K[G[82%] sealing (module id optimization)
[2K[1A[2K[G[82%] sealing (module id optimization)
[2K[1A[2K[G[83%] sealing (chunk reviving)
[2K[1A[2K[G[83%] sealing (chunk reviving RecordIdsPlugin)
[2K[1A[2K[G[83%] sealing (chunk reviving)
[2K[1A[2K[G[83%] sealing (before chunk ids)
[2K[1A[2K[G[84%] sealing (chunk ids)
[2K[1A[2K[G[84%] sealing (chunk ids NamedChunkIdsPlugin)
[2K[1A[2K[G[84%] sealing (chunk ids)
[2K[1A[2K[G[85%] sealing (chunk id optimization)
[2K[1A[2K[G[85%] sealing (after chunk id optimization)
[2K[1A[2K[G[86%] sealing (record modules)
[2K[1A[2K[G[86%] sealing (record modules RecordIdsPlugin)
[2K[1A[2K[G[86%] sealing (record modules)
[2K[1A[2K[G[87%] sealing (record chunks)
[2K[1A[2K[G[87%] sealing (record chunks RecordIdsPlugin)
[2K[1A[2K[G[87%] sealing (record chunks)
[2K[1A[2K[G[87%] sealing (module hashing)
[2K[1A[2K[G[88%] sealing (code generation)
[2K[1A[2K[G[89%] sealing (runtime requirements)
[2K[1A[2K[G[89%] sealing (hashing)
[2K[1A[2K[G[90%] sealing (after hashing)
[2K[1A[2K[G[91%] sealing (record hash)
[2K[1A[2K[G[91%] sealing (module assets processing)
[2K[1A[2K[G[92%] sealing (chunk assets processing)
[2K[1A[2K[G[92%] sealing (asset processing)
[2K[1A[2K[G[92%] sealing (asset processing copy-webpack-plugin)
[2K[1A[2K[G[92%] sealing (asset processing HotModuleReplacementPlugin)
[2K[1A[2K[G[92%] sealing (asset processing ESLintWebpackPlugin_1)
[2K[1A[2K[G[92%] sealing (asset processing PersistentChildCompilerSingletonPlugin)
[2K[1A[2K[G[92%] sealing (asset processing HtmlWebpackPlugin)
[2K[1A[2K[G[92%] sealing (asset processing)
[2K[1A[2K[G[93%] sealing (after asset optimization)
[2K[1A[2K[G[94%] sealing (recording)
[2K[1A[2K[G[94%] sealing (recording HotModuleReplacementPlugin)
[2K[1A[2K[G[94%] sealing (recording)
[2K[1A[2K[G[94%] sealing (after seal)
[2K[1A[2K[G[95%] emitting (emit)
[2K[1A[2K[G[98%] emitting (after emit)
[2K[1A[2K[GBuild finished at 03:39:52 by 0.000s
[2K[1A[2K[GBuild finished at 03:39:52 by 0.000s
[2K[1A[2K[GBuild finished at 03:39:52 by 0.000s
[2K[1A[2K[G DONE  Compiled successfully in 246ms03:39:52

Build finished at 03:39:52 by 0.000s
[2K[1A[2K[G
  App running at:
  - Local:   http://localhost:8080/ 
  - Network: http://192.168.1.115:8080/

Build finished at 03:39:52 by 0.000s
[2K[1A[2K[GBuild finished at 03:39:52 by 0.000s
[2K[1A[2K[GBuild finished at 03:39:52 by 0.000s
[2K[1A[2K[GBuild finished at 03:39:52 by 0.000s
[2K[1A[2K[GBuild finished at 03:39:52 by 0.000s
[2K[1A[2K[GBuild finished at 03:39:52 by 0.000s
[2K[1A[2K[GBuild finished at 03:39:52 by 0.000s
[2K[1A[2K[GBuild finished at 03:39:52 by 0.000s
[2K[1A[2K[G WAIT  Compiling...03:40:14

Compiling...

[2K[1A[2K[G[1%] cache (end idle)
[2K[1A[2K[G[3%] setup (watch run)
[2K[1A[2K[G[3%] setup (watch run vue-loader-plugin)
[2K[1A[2K[G[3%] setup (watch run ESLintWebpackPlugin_1)
[2K[1A[2K[G[3%] setup (watch run webpack-dev-middleware)
[2K[1A[2K[G[3%] setup (watch run)
[2K[1A[2K[G[4%] setup (normal module factory)
[2K[1A[2K[G[4%] setup (normal module factory CaseSensitivePathsPlugin)
[2K[1A[2K[G[4%] setup (normal module factory)
[2K[1A[2K[G[5%] setup (context module factory)
[2K[1A[2K[G[6%] setup (before compile)
[2K[1A[2K[G[6%] setup (before compile ProgressPlugin)
[2K[1A[2K[G[6%] setup (before compile)
[2K[1A[2K[G[7%] setup (compile)
[2K[1A[2K[G[7%] setup (compile ExternalsPlugin)
[2K[1A[2K[G[7%] setup (compile)
[2K[1A[2K[G[8%] setup (compilation)
[2K[1A[2K[G[8%] setup (compilation CopyPlugin)
[2K[1A[2K[G[8%] setup (compilation ArrayPushCallbackChunkFormatPlugin)
[2K[1A[2K[G[8%] setup (compilation JsonpChunkLoadingPlugin)
[2K[1A[2K[G[8%] setup (compilation StartupChunkDependenciesPlugin)
[2K[1A[2K[G[8%] setup (compilation ImportScriptsChunkLoadingPlugin)
[2K[1A[2K[G[8%] setup (compilation FetchCompileWasmPlugin)
[2K[1A[2K[G[8%] setup (compilation FetchCompileAsyncWasmPlugin)
[2K[1A[2K[G[8%] setup (compilation WorkerPlugin)
[2K[1A[2K[G[8%] setup (compilation SplitChunksPlugin)
[2K[1A[2K[G[8%] setup (compilation ResolverCachePlugin)
[2K[1A[2K[G[8%] setup (compilation HtmlWebpackPlugin)
[2K[1A[2K[G[8%] setup (compilation)
[2K[1A[2K[G[9%] setup (compilation)
[2K[1A[2K[G[9%] setup (compilation vue-loader-plugin)
[2K[1A[2K[G[9%] setup (compilation DefinePlugin)
[2K[1A[2K[G[9%] setup (compilation ProgressPlugin)
[2K[1A[2K[G[9%] setup (compilation EntryPlugin)
[2K[1A[2K[G[9%] setup (compilation ChunkPrefetchPreloadPlugin)
[2K[1A[2K[G[9%] setup (compilation ModuleInfoHeaderPlugin)
[2K[1A[2K[G[9%] setup (compilation EvalSourceMapDevToolPlugin)
[2K[1A[2K[G[9%] setup (compilation JavascriptModulesPlugin)
[2K[1A[2K[G[9%] setup (compilation JsonModulesPlugin)
[2K[1A[2K[G[9%] setup (compilation AssetModulesPlugin)
[2K[1A[2K[G[9%] setup (compilation EntryPlugin)
[2K[1A[2K[G[9%] setup (compilation RuntimePlugin)
[2K[1A[2K[G[9%] setup (compilation InferAsyncModulesPlugin)
[2K[1A[2K[G[9%] setup (compilation DataUriPlugin)
[2K[1A[2K[G[9%] setup (compilation FileUriPlugin)
[2K[1A[2K[G[9%] setup (compilation CompatibilityPlugin)
[2K[1A[2K[G[9%] setup (compilation HarmonyModulesPlugin)
[2K[1A[2K[G[9%] setup (compilation AMDPlugin)
[2K[1A[2K[G[9%] setup (compilation RequireJsStuffPlugin)
[2K[1A[2K[G[9%] setup (compilation CommonJsPlugin)
[2K[1A[2K[G[9%] setup (compilation LoaderPlugin)
[2K[1A[2K[G[9%] setup (compilation NodeStuffPlugin)
[2K[1A[2K[G[9%] setup (compilation APIPlugin)
[2K[1A[2K[G[9%] setup (compilation ExportsInfoApiPlugin)
[2K[1A[2K[G[9%] setup (compilation WebpackIsIncludedPlugin)
[2K[1A[2K[G[9%] setup (compilation ConstPlugin)
[2K[1A[2K[G[9%] setup (compilation UseStrictPlugin)
[2K[1A[2K[G[9%] setup (compilation RequireIncludePlugin)
[2K[1A[2K[G[9%] setup (compilation RequireEnsurePlugin)
[2K[1A[2K[G[9%] setup (compilation RequireContextPlugin)
[2K[1A[2K[G[9%] setup (compilation ImportPlugin)
[2K[1A[2K[G[9%] setup (compilation ImportMetaContextPlugin)
[2K[1A[2K[G[9%] setup (compilation SystemPlugin)
[2K[1A[2K[G[9%] setup (compilation ImportMetaPlugin)
[2K[1A[2K[G[9%] setup (compilation URLPlugin)
[2K[1A[2K[G[9%] setup (compilation DefaultStatsFactoryPlugin)
[2K[1A[2K[G[9%] setup (compilation DefaultStatsPresetPlugin)
[2K[1A[2K[G[9%] setup (compilation DefaultStatsPrinterPlugin)
[2K[1A[2K[G[9%] setup (compilation JavascriptMetaInfoPlugin)
[2K[1A[2K[G[9%] setup (compilation EnsureChunkConditionsPlugin)
[2K[1A[2K[G[9%] setup (compilation RemoveEmptyChunksPlugin)
[2K[1A[2K[G[9%] setup (compilation MergeDuplicateChunksPlugin)
[2K[1A[2K[G[9%] setup (compilation SideEffectsFlagPlugin)
[2K[1A[2K[G[9%] setup (compilation FlagDependencyExportsPlugin)
[2K[1A[2K[G[9%] setup (compilation NamedModuleIdsPlugin)
[2K[1A[2K[G[9%] setup (compilation NamedChunkIdsPlugin)
[2K[1A[2K[G[9%] setup (compilation DefinePlugin)
[2K[1A[2K[G[9%] setup (compilation TemplatedPathPlugin)
[2K[1A[2K[G[9%] setup (compilation RecordIdsPlugin)
[2K[1A[2K[G[9%] setup (compilation WarnCaseSensitiveModulesPlugin)
[2K[1A[2K[G[9%] setup (compilation EntryPlugin)
[2K[1A[2K[G[9%] setup (compilation ProvidePlugin)
[2K[1A[2K[G[9%] setup (compilation HotModuleReplacementPlugin)
[2K[1A[2K[G[9%] setup (compilation ProgressPlugin)
[2K[1A[2K[G[9%] setup (compilation ESLintWebpackPlugin_1)
[2K[1A[2K[G[9%] setup (compilation)
[2K[1A[2K[G[10%] building 
[2K[1A[2K[G[10%] building (0/0 modules)
[2K[1A[2K[G[24%] building (1/4 modules)
[2K[1A[2K[G[38%] building (34/8 modules)
[2K[1A[2K[G[51%] building (149/12 modules)
[2K[1A[2K[G[51%] building (import loader vue-loader/dist/index.js)
[2K[1A[2K[G[51%] building (149/13 modules)
[2K[1A[2K[G[51%] building (import loader babel-loader/lib/index.js)
[2K[1A[2K[G[51%] building (import loader vue-loader/dist/templateLoader.js)
[2K[1A[2K[G[51%] building (155/20 modules)
[2K[1A[2K[G[51%] building (import loader css-loader/dist/cjs.js)
[2K[1A[2K[G[51%] building (import loader vue-loader/dist/stylePostLoader.js)
[2K[1A[2K[G[51%] building (import loader postcss-loader/dist/cjs.js)
[2K[1A[2K[G[51%] building (155/21 modules)
[2K[1A[2K[G[65%] building (183/41 modules)
[2K[1A[2K[G[65%] building 
[2K[1A[2K[G[69%] building (finish)
[2K[1A[2K[G[70%] sealing (finish module graph)
[2K[1A[2K[G[70%] sealing (finish module graph ResolverCachePlugin)
[2K[1A[2K[G[70%] sealing (finish module graph InferAsyncModulesPlugin)
[2K[1A[2K[G[70%] sealing (finish module graph FlagDependencyExportsPlugin)
[2K[1A[2K[G[70%] sealing (finish module graph ESLintWebpackPlugin_1)
[2K[1A[2K[G[70%] sealing (finish module graph)
[2K[1A[2K[G[71%] sealing (plugins)
[2K[1A[2K[G[71%] sealing (plugins WarnCaseSensitiveModulesPlugin)
[2K[1A[2K[G[71%] sealing (plugins)
[2K[1A[2K[G[71%] sealing (dependencies optimization)
[2K[1A[2K[G[71%] sealing (dependencies optimization SideEffectsFlagPlugin)
[2K[1A[2K[G[71%] sealing (dependencies optimization)
[2K[1A[2K[G[72%] sealing (after dependencies optimization)
[2K[1A[2K[G[73%] sealing (chunk graph)
[2K[1A[2K[G[73%] sealing (after chunk graph)
[2K[1A[2K[G[74%] sealing (optimizing)
[2K[1A[2K[G[74%] sealing (module optimization)
[2K[1A[2K[G[75%] sealing (after module optimization)
[2K[1A[2K[G[76%] sealing (chunk optimization)
[2K[1A[2K[G[76%] sealing (chunk optimization EnsureChunkConditionsPlugin)
[2K[1A[2K[G[76%] sealing (chunk optimization RemoveEmptyChunksPlugin)
[2K[1A[2K[G[76%] sealing (chunk optimization MergeDuplicateChunksPlugin)
[2K[1A[2K[G[76%] sealing (chunk optimization SplitChunksPlugin)
[2K[1A[2K[G[76%] sealing (chunk optimization RemoveEmptyChunksPlugin)
[2K[1A[2K[G[76%] sealing (chunk optimization)
[2K[1A[2K[G[76%] sealing (after chunk optimization)
[2K[1A[2K[G[77%] sealing (module and chunk tree optimization)
[2K[1A[2K[G[77%] sealing (module and chunk tree optimization PersistentChildCompilerSinglet
onPlugin)
[2K[1A[2K[1A[2K[G[77%] sealing (module and chunk tree optimization)
[2K[1A[2K[G[78%] sealing (after module and chunk tree optimization)
[2K[1A[2K[G[78%] sealing (chunk modules optimization)
[2K[1A[2K[G[79%] sealing (after chunk modules optimization)
[2K[1A[2K[G[80%] sealing (module reviving)
[2K[1A[2K[G[80%] sealing (module reviving RecordIdsPlugin)
[2K[1A[2K[G[80%] sealing (module reviving)
[2K[1A[2K[G[80%] sealing (before module ids)
[2K[1A[2K[G[81%] sealing (module ids)
[2K[1A[2K[G[81%] sealing (module ids NamedModuleIdsPlugin)
[2K[1A[2K[G[81%] sealing (module ids)
[2K[1A[2K[G[82%] sealing (module id optimization)
[2K[1A[2K[G[82%] sealing (module id optimization)
[2K[1A[2K[G[83%] sealing (chunk reviving)
[2K[1A[2K[G[83%] sealing (chunk reviving RecordIdsPlugin)
[2K[1A[2K[G[83%] sealing (chunk reviving)
[2K[1A[2K[G[83%] sealing (before chunk ids)
[2K[1A[2K[G[84%] sealing (chunk ids)
[2K[1A[2K[G[84%] sealing (chunk ids NamedChunkIdsPlugin)
[2K[1A[2K[G[84%] sealing (chunk ids)
[2K[1A[2K[G[85%] sealing (chunk id optimization)
[2K[1A[2K[G[85%] sealing (after chunk id optimization)
[2K[1A[2K[G[86%] sealing (record modules)
[2K[1A[2K[G[86%] sealing (record modules RecordIdsPlugin)
[2K[1A[2K[G[86%] sealing (record modules)
[2K[1A[2K[G[87%] sealing (record chunks)
[2K[1A[2K[G[87%] sealing (record chunks RecordIdsPlugin)
[2K[1A[2K[G[87%] sealing (record chunks)
[2K[1A[2K[G[87%] sealing (module hashing)
[2K[1A[2K[G[88%] sealing (code generation)
[2K[1A[2K[G[89%] sealing (runtime requirements)
[2K[1A[2K[G[89%] sealing (hashing)
[2K[1A[2K[G[90%] sealing (after hashing)
[2K[1A[2K[G[91%] sealing (record hash)
[2K[1A[2K[G[91%] sealing (module assets processing)
[2K[1A[2K[G[92%] sealing (chunk assets processing)
[2K[1A[2K[G[92%] sealing (asset processing)
[2K[1A[2K[G[92%] sealing (asset processing copy-webpack-plugin)
[2K[1A[2K[G[92%] sealing (asset processing HotModuleReplacementPlugin)
[2K[1A[2K[G[92%] sealing (asset processing ESLintWebpackPlugin_1)
[2K[1A[2K[G[92%] sealing (asset processing PersistentChildCompilerSingletonPlugin)
[2K[1A[2K[G[92%] sealing (asset processing HtmlWebpackPlugin)
[2K[1A[2K[G[92%] sealing (asset processing)
[2K[1A[2K[G[93%] sealing (after asset optimization)
[2K[1A[2K[G[94%] sealing (recording)
[2K[1A[2K[G[94%] sealing (recording HotModuleReplacementPlugin)
[2K[1A[2K[G[94%] sealing (recording)
[2K[1A[2K[G[94%] sealing (after seal)
[2K[1A[2K[G[95%] emitting (emit)
[2K[1A[2K[G[98%] emitting (after emit)
[2K[1A[2K[GBuild finished at 03:40:15 by 0.000s
[2K[1A[2K[GBuild finished at 03:40:15 by 0.000s
[2K[1A[2K[GBuild finished at 03:40:15 by 0.000s
[2K[1A[2K[G DONE  Compiled successfully in 250ms03:40:15

Build finished at 03:40:15 by 0.000s
[2K[1A[2K[G
  App running at:
  - Local:   http://localhost:8080/ 
  - Network: http://192.168.1.115:8080/

Build finished at 03:40:15 by 0.000s
[2K[1A[2K[GBuild finished at 03:40:15 by 0.000s
[2K[1A[2K[GBuild finished at 03:40:15 by 0.000s
[2K[1A[2K[GBuild finished at 03:40:15 by 0.000s
[2K[1A[2K[GBuild finished at 03:40:15 by 0.000s
[2K[1A[2K[GBuild finished at 03:40:15 by 0.000s
[2K[1A[2K[GBuild finished at 03:40:15 by 0.000s
[2K[1A[2K[GBuild finished at 03:40:15 by 0.000s
[2K[1A[2K[G WAIT  Compiling...03:40:19

Compiling...

[2K[1A[2K[G[1%] cache (end idle)
[2K[1A[2K[G[3%] setup (watch run)
[2K[1A[2K[G[3%] setup (watch run vue-loader-plugin)
[2K[1A[2K[G[3%] setup (watch run ESLintWebpackPlugin_1)
[2K[1A[2K[G[3%] setup (watch run webpack-dev-middleware)
[2K[1A[2K[G[3%] setup (watch run)
[2K[1A[2K[G[4%] setup (normal module factory)
[2K[1A[2K[G[4%] setup (normal module factory CaseSensitivePathsPlugin)
[2K[1A[2K[G[4%] setup (normal module factory)
[2K[1A[2K[G[5%] setup (context module factory)
[2K[1A[2K[G[6%] setup (before compile)
[2K[1A[2K[G[6%] setup (before compile ProgressPlugin)
[2K[1A[2K[G[6%] setup (before compile)
[2K[1A[2K[G[7%] setup (compile)
[2K[1A[2K[G[7%] setup (compile ExternalsPlugin)
[2K[1A[2K[G[7%] setup (compile)
[2K[1A[2K[G[8%] setup (compilation)
[2K[1A[2K[G[8%] setup (compilation CopyPlugin)
[2K[1A[2K[G[8%] setup (compilation ArrayPushCallbackChunkFormatPlugin)
[2K[1A[2K[G[8%] setup (compilation JsonpChunkLoadingPlugin)
[2K[1A[2K[G[8%] setup (compilation StartupChunkDependenciesPlugin)
[2K[1A[2K[G[8%] setup (compilation ImportScriptsChunkLoadingPlugin)
[2K[1A[2K[G[8%] setup (compilation FetchCompileWasmPlugin)
[2K[1A[2K[G[8%] setup (compilation FetchCompileAsyncWasmPlugin)
[2K[1A[2K[G[8%] setup (compilation WorkerPlugin)
[2K[1A[2K[G[8%] setup (compilation SplitChunksPlugin)
[2K[1A[2K[G[8%] setup (compilation ResolverCachePlugin)
[2K[1A[2K[G[8%] setup (compilation HtmlWebpackPlugin)
[2K[1A[2K[G[8%] setup (compilation)
[2K[1A[2K[G[9%] setup (compilation)
[2K[1A[2K[G[9%] setup (compilation vue-loader-plugin)
[2K[1A[2K[G[9%] setup (compilation DefinePlugin)
[2K[1A[2K[G[9%] setup (compilation ProgressPlugin)
[2K[1A[2K[G[9%] setup (compilation EntryPlugin)
[2K[1A[2K[G[9%] setup (compilation ChunkPrefetchPreloadPlugin)
[2K[1A[2K[G[9%] setup (compilation ModuleInfoHeaderPlugin)
[2K[1A[2K[G[9%] setup (compilation EvalSourceMapDevToolPlugin)
[2K[1A[2K[G[9%] setup (compilation JavascriptModulesPlugin)
[2K[1A[2K[G[9%] setup (compilation JsonModulesPlugin)
[2K[1A[2K[G[9%] setup (compilation AssetModulesPlugin)
[2K[1A[2K[G[9%] setup (compilation EntryPlugin)
[2K[1A[2K[G[9%] setup (compilation RuntimePlugin)
[2K[1A[2K[G[9%] setup (compilation InferAsyncModulesPlugin)
[2K[1A[2K[G[9%] setup (compilation DataUriPlugin)
[2K[1A[2K[G[9%] setup (compilation FileUriPlugin)
[2K[1A[2K[G[9%] setup (compilation CompatibilityPlugin)
[2K[1A[2K[G[9%] setup (compilation HarmonyModulesPlugin)
[2K[1A[2K[G[9%] setup (compilation AMDPlugin)
[2K[1A[2K[G[9%] setup (compilation RequireJsStuffPlugin)
[2K[1A[2K[G[9%] setup (compilation CommonJsPlugin)
[2K[1A[2K[G[9%] setup (compilation LoaderPlugin)
[2K[1A[2K[G[9%] setup (compilation NodeStuffPlugin)
[2K[1A[2K[G[9%] setup (compilation APIPlugin)
[2K[1A[2K[G[9%] setup (compilation ExportsInfoApiPlugin)
[2K[1A[2K[G[9%] setup (compilation WebpackIsIncludedPlugin)
[2K[1A[2K[G[9%] setup (compilation ConstPlugin)
[2K[1A[2K[G[9%] setup (compilation UseStrictPlugin)
[2K[1A[2K[G[9%] setup (compilation RequireIncludePlugin)
[2K[1A[2K[G[9%] setup (compilation RequireEnsurePlugin)
[2K[1A[2K[G[9%] setup (compilation RequireContextPlugin)
[2K[1A[2K[G[9%] setup (compilation ImportPlugin)
[2K[1A[2K[G[9%] setup (compilation ImportMetaContextPlugin)
[2K[1A[2K[G[9%] setup (compilation SystemPlugin)
[2K[1A[2K[G[9%] setup (compilation ImportMetaPlugin)
[2K[1A[2K[G[9%] setup (compilation URLPlugin)
[2K[1A[2K[G[9%] setup (compilation DefaultStatsFactoryPlugin)
[2K[1A[2K[G[9%] setup (compilation DefaultStatsPresetPlugin)
[2K[1A[2K[G[9%] setup (compilation DefaultStatsPrinterPlugin)
[2K[1A[2K[G[9%] setup (compilation JavascriptMetaInfoPlugin)
[2K[1A[2K[G[9%] setup (compilation EnsureChunkConditionsPlugin)
[2K[1A[2K[G[9%] setup (compilation RemoveEmptyChunksPlugin)
[2K[1A[2K[G[9%] setup (compilation MergeDuplicateChunksPlugin)
[2K[1A[2K[G[9%] setup (compilation SideEffectsFlagPlugin)
[2K[1A[2K[G[9%] setup (compilation FlagDependencyExportsPlugin)
[2K[1A[2K[G[9%] setup (compilation NamedModuleIdsPlugin)
[2K[1A[2K[G[9%] setup (compilation NamedChunkIdsPlugin)
[2K[1A[2K[G[9%] setup (compilation DefinePlugin)
[2K[1A[2K[G[9%] setup (compilation TemplatedPathPlugin)
[2K[1A[2K[G[9%] setup (compilation RecordIdsPlugin)
[2K[1A[2K[G[9%] setup (compilation WarnCaseSensitiveModulesPlugin)
[2K[1A[2K[G[9%] setup (compilation EntryPlugin)
[2K[1A[2K[G[9%] setup (compilation ProvidePlugin)
[2K[1A[2K[G[9%] setup (compilation HotModuleReplacementPlugin)
[2K[1A[2K[G[9%] setup (compilation ProgressPlugin)
[2K[1A[2K[G[9%] setup (compilation ESLintWebpackPlugin_1)
[2K[1A[2K[G[9%] setup (compilation)
[2K[1A[2K[G[10%] building 
[2K[1A[2K[G[10%] building (0/0 modules)
[2K[1A[2K[G[24%] building (1/4 modules)
[2K[1A[2K[G[38%] building (34/8 modules)
[2K[1A[2K[G[51%] building (149/16 modules)
[2K[1A[2K[G[51%] building (import loader vue-loader/dist/index.js)
[2K[1A[2K[G[51%] building (160/28 modules)
[2K[1A[2K[G[51%] building (import loader babel-loader/lib/index.js)
[2K[1A[2K[G[51%] building (import loader vue-loader/dist/templateLoader.js)
[2K[1A[2K[G[51%] building (168/36 modules)
[2K[1A[2K[G[51%] building (import loader css-loader/dist/cjs.js)
[2K[1A[2K[G[51%] building (import loader vue-loader/dist/stylePostLoader.js)
[2K[1A[2K[G[51%] building (import loader postcss-loader/dist/cjs.js)
[2K[1A[2K[G[51%] building (168/37 modules)
[2K[1A[2K[G[65%] building (183/40 modules)
[2K[1A[2K[G[65%] building 
[2K[1A[2K[G[69%] building (finish)
[2K[1A[2K[G[70%] sealing (finish module graph)
[2K[1A[2K[G[70%] sealing (finish module graph ResolverCachePlugin)
[2K[1A[2K[G[70%] sealing (finish module graph InferAsyncModulesPlugin)
[2K[1A[2K[G[70%] sealing (finish module graph FlagDependencyExportsPlugin)
[2K[1A[2K[G[70%] sealing (finish module graph ESLintWebpackPlugin_1)
[2K[1A[2K[G[70%] sealing (finish module graph)
[2K[1A[2K[G[71%] sealing (plugins)
[2K[1A[2K[G[71%] sealing (plugins WarnCaseSensitiveModulesPlugin)
[2K[1A[2K[G[71%] sealing (plugins)
[2K[1A[2K[G[71%] sealing (dependencies optimization)
[2K[1A[2K[G[71%] sealing (dependencies optimization SideEffectsFlagPlugin)
[2K[1A[2K[G[71%] sealing (dependencies optimization)
[2K[1A[2K[G[72%] sealing (after dependencies optimization)
[2K[1A[2K[G[73%] sealing (chunk graph)
[2K[1A[2K[G[73%] sealing (after chunk graph)
[2K[1A[2K[G[74%] sealing (optimizing)
[2K[1A[2K[G[74%] sealing (module optimization)
[2K[1A[2K[G[75%] sealing (after module optimization)
[2K[1A[2K[G[76%] sealing (chunk optimization)
[2K[1A[2K[G[76%] sealing (chunk optimization EnsureChunkConditionsPlugin)
[2K[1A[2K[G[76%] sealing (chunk optimization RemoveEmptyChunksPlugin)
[2K[1A[2K[G[76%] sealing (chunk optimization MergeDuplicateChunksPlugin)
[2K[1A[2K[G[76%] sealing (chunk optimization SplitChunksPlugin)
[2K[1A[2K[G[76%] sealing (chunk optimization RemoveEmptyChunksPlugin)
[2K[1A[2K[G[76%] sealing (chunk optimization)
[2K[1A[2K[G[76%] sealing (after chunk optimization)
[2K[1A[2K[G[77%] sealing (module and chunk tree optimization)
[2K[1A[2K[G[77%] sealing (module and chunk tree optimization PersistentChildCompilerSinglet
onPlugin)
[2K[1A[2K[1A[2K[G[77%] sealing (module and chunk tree optimization)
[2K[1A[2K[G[78%] sealing (after module and chunk tree optimization)
[2K[1A[2K[G[78%] sealing (chunk modules optimization)
[2K[1A[2K[G[79%] sealing (after chunk modules optimization)
[2K[1A[2K[G[80%] sealing (module reviving)
[2K[1A[2K[G[80%] sealing (module reviving RecordIdsPlugin)
[2K[1A[2K[G[80%] sealing (module reviving)
[2K[1A[2K[G[80%] sealing (before module ids)
[2K[1A[2K[G[81%] sealing (module ids)
[2K[1A[2K[G[81%] sealing (module ids NamedModuleIdsPlugin)
[2K[1A[2K[G[81%] sealing (module ids)
[2K[1A[2K[G[82%] sealing (module id optimization)
[2K[1A[2K[G[82%] sealing (module id optimization)
[2K[1A[2K[G[83%] sealing (chunk reviving)
[2K[1A[2K[G[83%] sealing (chunk reviving RecordIdsPlugin)
[2K[1A[2K[G[83%] sealing (chunk reviving)
[2K[1A[2K[G[83%] sealing (before chunk ids)
[2K[1A[2K[G[84%] sealing (chunk ids)
[2K[1A[2K[G[84%] sealing (chunk ids NamedChunkIdsPlugin)
[2K[1A[2K[G[84%] sealing (chunk ids)
[2K[1A[2K[G[85%] sealing (chunk id optimization)
[2K[1A[2K[G[85%] sealing (after chunk id optimization)
[2K[1A[2K[G[86%] sealing (record modules)
[2K[1A[2K[G[86%] sealing (record modules RecordIdsPlugin)
[2K[1A[2K[G[86%] sealing (record modules)
[2K[1A[2K[G[87%] sealing (record chunks)
[2K[1A[2K[G[87%] sealing (record chunks RecordIdsPlugin)
[2K[1A[2K[G[87%] sealing (record chunks)
[2K[1A[2K[G[87%] sealing (module hashing)
[2K[1A[2K[G[88%] sealing (code generation)
[2K[1A[2K[G[89%] sealing (runtime requirements)
[2K[1A[2K[G[89%] sealing (hashing)
[2K[1A[2K[G[90%] sealing (after hashing)
[2K[1A[2K[G[91%] sealing (record hash)
[2K[1A[2K[G[91%] sealing (module assets processing)
[2K[1A[2K[G[92%] sealing (chunk assets processing)
[2K[1A[2K[G[92%] sealing (asset processing)
[2K[1A[2K[G[92%] sealing (asset processing copy-webpack-plugin)
[2K[1A[2K[G[92%] sealing (asset processing HotModuleReplacementPlugin)
[2K[1A[2K[G[92%] sealing (asset processing ESLintWebpackPlugin_1)
[2K[1A[2K[G[92%] sealing (asset processing PersistentChildCompilerSingletonPlugin)
[2K[1A[2K[G[92%] sealing (asset processing HtmlWebpackPlugin)
[2K[1A[2K[G[92%] sealing (asset processing)
[2K[1A[2K[G[93%] sealing (after asset optimization)
[2K[1A[2K[G[94%] sealing (recording)
[2K[1A[2K[G[94%] sealing (recording HotModuleReplacementPlugin)
[2K[1A[2K[G[94%] sealing (recording)
[2K[1A[2K[G[94%] sealing (after seal)
[2K[1A[2K[G[95%] emitting (emit)
[2K[1A[2K[G[98%] emitting (after emit)
[2K[1A[2K[GBuild finished at 03:40:19 by 0.000s
[2K[1A[2K[GBuild finished at 03:40:19 by 0.000s
[2K[1A[2K[GBuild finished at 03:40:19 by 0.000s
[2K[1A[2K[G DONE  Compiled successfully in 125ms03:40:19

Build finished at 03:40:19 by 0.000s
[2K[1A[2K[G
  App running at:
  - Local:   http://localhost:8080/ 
  - Network: http://192.168.1.115:8080/

Build finished at 03:40:19 by 0.000s
[2K[1A[2K[GBuild finished at 03:40:19 by 0.000s
[2K[1A[2K[GBuild finished at 03:40:19 by 0.000s
[2K[1A[2K[GBuild finished at 03:40:19 by 0.000s
[2K[1A[2K[GBuild finished at 03:40:19 by 0.000s
[2K[1A[2K[GBuild finished at 03:40:19 by 0.000s
[2K[1A[2K[GBuild finished at 03:40:19 by 0.000s
[2K[1A[2K[GBuild finished at 03:40:19 by 0.000s
[2K[1A[2K[G WAIT  Compiling...03:41:05

Compiling...

[2K[1A[2K[G[1%] cache (end idle)
[2K[1A[2K[G[3%] setup (watch run)
[2K[1A[2K[G[3%] setup (watch run vue-loader-plugin)
[2K[1A[2K[G[3%] setup (watch run ESLintWebpackPlugin_1)
[2K[1A[2K[G[3%] setup (watch run webpack-dev-middleware)
[2K[1A[2K[G[3%] setup (watch run)
[2K[1A[2K[G[4%] setup (normal module factory)
[2K[1A[2K[G[4%] setup (normal module factory CaseSensitivePathsPlugin)
[2K[1A[2K[G[4%] setup (normal module factory)
[2K[1A[2K[G[5%] setup (context module factory)
[2K[1A[2K[G[6%] setup (before compile)
[2K[1A[2K[G[6%] setup (before compile ProgressPlugin)
[2K[1A[2K[G[6%] setup (before compile)
[2K[1A[2K[G[7%] setup (compile)
[2K[1A[2K[G[7%] setup (compile ExternalsPlugin)
[2K[1A[2K[G[7%] setup (compile)
[2K[1A[2K[G[8%] setup (compilation)
[2K[1A[2K[G[8%] setup (compilation CopyPlugin)
[2K[1A[2K[G[8%] setup (compilation ArrayPushCallbackChunkFormatPlugin)
[2K[1A[2K[G[8%] setup (compilation JsonpChunkLoadingPlugin)
[2K[1A[2K[G[8%] setup (compilation StartupChunkDependenciesPlugin)
[2K[1A[2K[G[8%] setup (compilation ImportScriptsChunkLoadingPlugin)
[2K[1A[2K[G[8%] setup (compilation FetchCompileWasmPlugin)
[2K[1A[2K[G[8%] setup (compilation FetchCompileAsyncWasmPlugin)
[2K[1A[2K[G[8%] setup (compilation WorkerPlugin)
[2K[1A[2K[G[8%] setup (compilation SplitChunksPlugin)
[2K[1A[2K[G[8%] setup (compilation ResolverCachePlugin)
[2K[1A[2K[G[8%] setup (compilation HtmlWebpackPlugin)
[2K[1A[2K[G[8%] setup (compilation)
[2K[1A[2K[G[9%] setup (compilation)
[2K[1A[2K[G[9%] setup (compilation vue-loader-plugin)
[2K[1A[2K[G[9%] setup (compilation DefinePlugin)
[2K[1A[2K[G[9%] setup (compilation ProgressPlugin)
[2K[1A[2K[G[9%] setup (compilation EntryPlugin)
[2K[1A[2K[G[9%] setup (compilation ChunkPrefetchPreloadPlugin)
[2K[1A[2K[G[9%] setup (compilation ModuleInfoHeaderPlugin)
[2K[1A[2K[G[9%] setup (compilation EvalSourceMapDevToolPlugin)
[2K[1A[2K[G[9%] setup (compilation JavascriptModulesPlugin)
[2K[1A[2K[G[9%] setup (compilation JsonModulesPlugin)
[2K[1A[2K[G[9%] setup (compilation AssetModulesPlugin)
[2K[1A[2K[G[9%] setup (compilation EntryPlugin)
[2K[1A[2K[G[9%] setup (compilation RuntimePlugin)
[2K[1A[2K[G[9%] setup (compilation InferAsyncModulesPlugin)
[2K[1A[2K[G[9%] setup (compilation DataUriPlugin)
[2K[1A[2K[G[9%] setup (compilation FileUriPlugin)
[2K[1A[2K[G[9%] setup (compilation CompatibilityPlugin)
[2K[1A[2K[G[9%] setup (compilation HarmonyModulesPlugin)
[2K[1A[2K[G[9%] setup (compilation AMDPlugin)
[2K[1A[2K[G[9%] setup (compilation RequireJsStuffPlugin)
[2K[1A[2K[G[9%] setup (compilation CommonJsPlugin)
[2K[1A[2K[G[9%] setup (compilation LoaderPlugin)
[2K[1A[2K[G[9%] setup (compilation NodeStuffPlugin)
[2K[1A[2K[G[9%] setup (compilation APIPlugin)
[2K[1A[2K[G[9%] setup (compilation ExportsInfoApiPlugin)
[2K[1A[2K[G[9%] setup (compilation WebpackIsIncludedPlugin)
[2K[1A[2K[G[9%] setup (compilation ConstPlugin)
[2K[1A[2K[G[9%] setup (compilation UseStrictPlugin)
[2K[1A[2K[G[9%] setup (compilation RequireIncludePlugin)
[2K[1A[2K[G[9%] setup (compilation RequireEnsurePlugin)
[2K[1A[2K[G[9%] setup (compilation RequireContextPlugin)
[2K[1A[2K[G[9%] setup (compilation ImportPlugin)
[2K[1A[2K[G[9%] setup (compilation ImportMetaContextPlugin)
[2K[1A[2K[G[9%] setup (compilation SystemPlugin)
[2K[1A[2K[G[9%] setup (compilation ImportMetaPlugin)
[2K[1A[2K[G[9%] setup (compilation URLPlugin)
[2K[1A[2K[G[9%] setup (compilation DefaultStatsFactoryPlugin)
[2K[1A[2K[G[9%] setup (compilation DefaultStatsPresetPlugin)
[2K[1A[2K[G[9%] setup (compilation DefaultStatsPrinterPlugin)
[2K[1A[2K[G[9%] setup (compilation JavascriptMetaInfoPlugin)
[2K[1A[2K[G[9%] setup (compilation EnsureChunkConditionsPlugin)
[2K[1A[2K[G[9%] setup (compilation RemoveEmptyChunksPlugin)
[2K[1A[2K[G[9%] setup (compilation MergeDuplicateChunksPlugin)
[2K[1A[2K[G[9%] setup (compilation SideEffectsFlagPlugin)
[2K[1A[2K[G[9%] setup (compilation FlagDependencyExportsPlugin)
[2K[1A[2K[G[9%] setup (compilation NamedModuleIdsPlugin)
[2K[1A[2K[G[9%] setup (compilation NamedChunkIdsPlugin)
[2K[1A[2K[G[9%] setup (compilation DefinePlugin)
[2K[1A[2K[G[9%] setup (compilation TemplatedPathPlugin)
[2K[1A[2K[G[9%] setup (compilation RecordIdsPlugin)
[2K[1A[2K[G[9%] setup (compilation WarnCaseSensitiveModulesPlugin)
[2K[1A[2K[G[9%] setup (compilation EntryPlugin)
[2K[1A[2K[G[9%] setup (compilation ProvidePlugin)
[2K[1A[2K[G[9%] setup (compilation HotModuleReplacementPlugin)
[2K[1A[2K[G[9%] setup (compilation ProgressPlugin)
[2K[1A[2K[G[9%] setup (compilation ESLintWebpackPlugin_1)
[2K[1A[2K[G[9%] setup (compilation)
[2K[1A[2K[G[10%] building 
[2K[1A[2K[G[10%] building (0/0 modules)
[2K[1A[2K[G[24%] building (1/4 modules)
[2K[1A[2K[G[38%] building (37/9 modules)
[2K[1A[2K[G[51%] building (142/11 modules)
[2K[1A[2K[G[51%] building (import loader vue-loader/dist/index.js)
[2K[1A[2K[G[51%] building (155/13 modules)
[2K[1A[2K[G[51%] building (import loader babel-loader/lib/index.js)
[2K[1A[2K[G[51%] building (import loader vue-loader/dist/templateLoader.js)
[2K[1A[2K[G[51%] building (155/20 modules)
[2K[1A[2K[G[51%] building (import loader css-loader/dist/cjs.js)
[2K[1A[2K[G[51%] building (import loader vue-loader/dist/stylePostLoader.js)
[2K[1A[2K[G[51%] building (import loader postcss-loader/dist/cjs.js)
[2K[1A[2K[G[51%] building (155/21 modules)
[2K[1A[2K[G[65%] building (183/41 modules)
[2K[1A[2K[G[65%] building 
[2K[1A[2K[G[69%] building (finish)
[2K[1A[2K[G[70%] sealing (finish module graph)
[2K[1A[2K[G[70%] sealing (finish module graph ResolverCachePlugin)
[2K[1A[2K[G[70%] sealing (finish module graph InferAsyncModulesPlugin)
[2K[1A[2K[G[70%] sealing (finish module graph FlagDependencyExportsPlugin)
[2K[1A[2K[G[70%] sealing (finish module graph ESLintWebpackPlugin_1)
[2K[1A[2K[G[70%] sealing (finish module graph)
[2K[1A[2K[G[71%] sealing (plugins)
[2K[1A[2K[G[71%] sealing (plugins WarnCaseSensitiveModulesPlugin)
[2K[1A[2K[G[71%] sealing (plugins)
[2K[1A[2K[G[71%] sealing (dependencies optimization)
[2K[1A[2K[G[71%] sealing (dependencies optimization SideEffectsFlagPlugin)
[2K[1A[2K[G[71%] sealing (dependencies optimization)
[2K[1A[2K[G[72%] sealing (after dependencies optimization)
[2K[1A[2K[G[73%] sealing (chunk graph)
[2K[1A[2K[G[73%] sealing (after chunk graph)
[2K[1A[2K[G[74%] sealing (optimizing)
[2K[1A[2K[G[74%] sealing (module optimization)
[2K[1A[2K[G[75%] sealing (after module optimization)
[2K[1A[2K[G[76%] sealing (chunk optimization)
[2K[1A[2K[G[76%] sealing (chunk optimization EnsureChunkConditionsPlugin)
[2K[1A[2K[G[76%] sealing (chunk optimization RemoveEmptyChunksPlugin)
[2K[1A[2K[G[76%] sealing (chunk optimization MergeDuplicateChunksPlugin)
[2K[1A[2K[G[76%] sealing (chunk optimization SplitChunksPlugin)
[2K[1A[2K[G[76%] sealing (chunk optimization RemoveEmptyChunksPlugin)
[2K[1A[2K[G[76%] sealing (chunk optimization)
[2K[1A[2K[G[76%] sealing (after chunk optimization)
[2K[1A[2K[G[77%] sealing (module and chunk tree optimization)
[2K[1A[2K[G[77%] sealing (module and chunk tree optimization PersistentChildCompilerSinglet
onPlugin)
[2K[1A[2K[1A[2K[G[77%] sealing (module and chunk tree optimization)
[2K[1A[2K[G[78%] sealing (after module and chunk tree optimization)
[2K[1A[2K[G[78%] sealing (chunk modules optimization)
[2K[1A[2K[G[79%] sealing (after chunk modules optimization)
[2K[1A[2K[G[80%] sealing (module reviving)
[2K[1A[2K[G[80%] sealing (module reviving RecordIdsPlugin)
[2K[1A[2K[G[80%] sealing (module reviving)
[2K[1A[2K[G[80%] sealing (before module ids)
[2K[1A[2K[G[81%] sealing (module ids)
[2K[1A[2K[G[81%] sealing (module ids NamedModuleIdsPlugin)
[2K[1A[2K[G[81%] sealing (module ids)
[2K[1A[2K[G[82%] sealing (module id optimization)
[2K[1A[2K[G[82%] sealing (module id optimization)
[2K[1A[2K[G[83%] sealing (chunk reviving)
[2K[1A[2K[G[83%] sealing (chunk reviving RecordIdsPlugin)
[2K[1A[2K[G[83%] sealing (chunk reviving)
[2K[1A[2K[G[83%] sealing (before chunk ids)
[2K[1A[2K[G[84%] sealing (chunk ids)
[2K[1A[2K[G[84%] sealing (chunk ids NamedChunkIdsPlugin)
[2K[1A[2K[G[84%] sealing (chunk ids)
[2K[1A[2K[G[85%] sealing (chunk id optimization)
[2K[1A[2K[G[85%] sealing (after chunk id optimization)
[2K[1A[2K[G[86%] sealing (record modules)
[2K[1A[2K[G[86%] sealing (record modules RecordIdsPlugin)
[2K[1A[2K[G[86%] sealing (record modules)
[2K[1A[2K[G[87%] sealing (record chunks)
[2K[1A[2K[G[87%] sealing (record chunks RecordIdsPlugin)
[2K[1A[2K[G[87%] sealing (record chunks)
[2K[1A[2K[G[87%] sealing (module hashing)
[2K[1A[2K[G[88%] sealing (code generation)
[2K[1A[2K[G[89%] sealing (runtime requirements)
[2K[1A[2K[G[89%] sealing (hashing)
[2K[1A[2K[G[90%] sealing (after hashing)
[2K[1A[2K[G[91%] sealing (record hash)
[2K[1A[2K[G[91%] sealing (module assets processing)
[2K[1A[2K[G[92%] sealing (chunk assets processing)
[2K[1A[2K[G[92%] sealing (asset processing)
[2K[1A[2K[G[92%] sealing (asset processing copy-webpack-plugin)
[2K[1A[2K[G[92%] sealing (asset processing HotModuleReplacementPlugin)
[2K[1A[2K[G[92%] sealing (asset processing ESLintWebpackPlugin_1)
[2K[1A[2K[G[92%] sealing (asset processing PersistentChildCompilerSingletonPlugin)
[2K[1A[2K[G[92%] sealing (asset processing HtmlWebpackPlugin)
[2K[1A[2K[G[92%] sealing (asset processing)
[2K[1A[2K[G[93%] sealing (after asset optimization)
[2K[1A[2K[G[94%] sealing (recording)
[2K[1A[2K[G[94%] sealing (recording HotModuleReplacementPlugin)
[2K[1A[2K[G[94%] sealing (recording)
[2K[1A[2K[G[94%] sealing (after seal)
[2K[1A[2K[G[95%] emitting (emit)
[2K[1A[2K[G[98%] emitting (after emit)
[2K[1A[2K[GBuild finished at 03:41:05 by 0.000s
[2K[1A[2K[GBuild finished at 03:41:05 by 0.000s
[2K[1A[2K[GBuild finished at 03:41:05 by 0.000s
[2K[1A[2K[G DONE  Compiled successfully in 181ms03:41:05

Build finished at 03:41:05 by 0.000s
[2K[1A[2K[G
  App running at:
  - Local:   http://localhost:8080/ 
  - Network: http://192.168.1.115:8080/

Build finished at 03:41:05 by 0.000s
[2K[1A[2K[GBuild finished at 03:41:05 by 0.000s
[2K[1A[2K[GBuild finished at 03:41:05 by 0.000s
[2K[1A[2K[GBuild finished at 03:41:05 by 0.000s
[2K[1A[2K[GBuild finished at 03:41:05 by 0.000s
[2K[1A[2K[GBuild finished at 03:41:05 by 0.000s
[2K[1A[2K[GBuild finished at 03:41:05 by 0.000s
[2K[1A[2K[GBuild finished at 03:41:05 by 0.000s
[2K[1A[2K[G WAIT  Compiling...03:41:10

Compiling...

[2K[1A[2K[G[1%] cache (end idle)
[2K[1A[2K[G[3%] setup (watch run)
[2K[1A[2K[G[3%] setup (watch run vue-loader-plugin)
[2K[1A[2K[G[3%] setup (watch run ESLintWebpackPlugin_1)
[2K[1A[2K[G[3%] setup (watch run webpack-dev-middleware)
[2K[1A[2K[G[3%] setup (watch run)
[2K[1A[2K[G[4%] setup (normal module factory)
[2K[1A[2K[G[4%] setup (normal module factory CaseSensitivePathsPlugin)
[2K[1A[2K[G[4%] setup (normal module factory)
[2K[1A[2K[G[5%] setup (context module factory)
[2K[1A[2K[G[6%] setup (before compile)
[2K[1A[2K[G[6%] setup (before compile ProgressPlugin)
[2K[1A[2K[G[6%] setup (before compile)
[2K[1A[2K[G[7%] setup (compile)
[2K[1A[2K[G[7%] setup (compile ExternalsPlugin)
[2K[1A[2K[G[7%] setup (compile)
[2K[1A[2K[G[8%] setup (compilation)
[2K[1A[2K[G[8%] setup (compilation CopyPlugin)
[2K[1A[2K[G[8%] setup (compilation ArrayPushCallbackChunkFormatPlugin)
[2K[1A[2K[G[8%] setup (compilation JsonpChunkLoadingPlugin)
[2K[1A[2K[G[8%] setup (compilation StartupChunkDependenciesPlugin)
[2K[1A[2K[G[8%] setup (compilation ImportScriptsChunkLoadingPlugin)
[2K[1A[2K[G[8%] setup (compilation FetchCompileWasmPlugin)
[2K[1A[2K[G[8%] setup (compilation FetchCompileAsyncWasmPlugin)
[2K[1A[2K[G[8%] setup (compilation WorkerPlugin)
[2K[1A[2K[G[8%] setup (compilation SplitChunksPlugin)
[2K[1A[2K[G[8%] setup (compilation ResolverCachePlugin)
[2K[1A[2K[G[8%] setup (compilation HtmlWebpackPlugin)
[2K[1A[2K[G[8%] setup (compilation)
[2K[1A[2K[G[9%] setup (compilation)
[2K[1A[2K[G[9%] setup (compilation vue-loader-plugin)
[2K[1A[2K[G[9%] setup (compilation DefinePlugin)
[2K[1A[2K[G[9%] setup (compilation ProgressPlugin)
[2K[1A[2K[G[9%] setup (compilation EntryPlugin)
[2K[1A[2K[G[9%] setup (compilation ChunkPrefetchPreloadPlugin)
[2K[1A[2K[G[9%] setup (compilation ModuleInfoHeaderPlugin)
[2K[1A[2K[G[9%] setup (compilation EvalSourceMapDevToolPlugin)
[2K[1A[2K[G[9%] setup (compilation JavascriptModulesPlugin)
[2K[1A[2K[G[9%] setup (compilation JsonModulesPlugin)
[2K[1A[2K[G[9%] setup (compilation AssetModulesPlugin)
[2K[1A[2K[G[9%] setup (compilation EntryPlugin)
[2K[1A[2K[G[9%] setup (compilation RuntimePlugin)
[2K[1A[2K[G[9%] setup (compilation InferAsyncModulesPlugin)
[2K[1A[2K[G[9%] setup (compilation DataUriPlugin)
[2K[1A[2K[G[9%] setup (compilation FileUriPlugin)
[2K[1A[2K[G[9%] setup (compilation CompatibilityPlugin)
[2K[1A[2K[G[9%] setup (compilation HarmonyModulesPlugin)
[2K[1A[2K[G[9%] setup (compilation AMDPlugin)
[2K[1A[2K[G[9%] setup (compilation RequireJsStuffPlugin)
[2K[1A[2K[G[9%] setup (compilation CommonJsPlugin)
[2K[1A[2K[G[9%] setup (compilation LoaderPlugin)
[2K[1A[2K[G[9%] setup (compilation NodeStuffPlugin)
[2K[1A[2K[G[9%] setup (compilation APIPlugin)
[2K[1A[2K[G[9%] setup (compilation ExportsInfoApiPlugin)
[2K[1A[2K[G[9%] setup (compilation WebpackIsIncludedPlugin)
[2K[1A[2K[G[9%] setup (compilation ConstPlugin)
[2K[1A[2K[G[9%] setup (compilation UseStrictPlugin)
[2K[1A[2K[G[9%] setup (compilation RequireIncludePlugin)
[2K[1A[2K[G[9%] setup (compilation RequireEnsurePlugin)
[2K[1A[2K[G[9%] setup (compilation RequireContextPlugin)
[2K[1A[2K[G[9%] setup (compilation ImportPlugin)
[2K[1A[2K[G[9%] setup (compilation ImportMetaContextPlugin)
[2K[1A[2K[G[9%] setup (compilation SystemPlugin)
[2K[1A[2K[G[9%] setup (compilation ImportMetaPlugin)
[2K[1A[2K[G[9%] setup (compilation URLPlugin)
[2K[1A[2K[G[9%] setup (compilation DefaultStatsFactoryPlugin)
[2K[1A[2K[G[9%] setup (compilation DefaultStatsPresetPlugin)
[2K[1A[2K[G[9%] setup (compilation DefaultStatsPrinterPlugin)
[2K[1A[2K[G[9%] setup (compilation JavascriptMetaInfoPlugin)
[2K[1A[2K[G[9%] setup (compilation EnsureChunkConditionsPlugin)
[2K[1A[2K[G[9%] setup (compilation RemoveEmptyChunksPlugin)
[2K[1A[2K[G[9%] setup (compilation MergeDuplicateChunksPlugin)
[2K[1A[2K[G[9%] setup (compilation SideEffectsFlagPlugin)
[2K[1A[2K[G[9%] setup (compilation FlagDependencyExportsPlugin)
[2K[1A[2K[G[9%] setup (compilation NamedModuleIdsPlugin)
[2K[1A[2K[G[9%] setup (compilation NamedChunkIdsPlugin)
[2K[1A[2K[G[9%] setup (compilation DefinePlugin)
[2K[1A[2K[G[9%] setup (compilation TemplatedPathPlugin)
[2K[1A[2K[G[9%] setup (compilation RecordIdsPlugin)
[2K[1A[2K[G[9%] setup (compilation WarnCaseSensitiveModulesPlugin)
[2K[1A[2K[G[9%] setup (compilation EntryPlugin)
[2K[1A[2K[G[9%] setup (compilation ProvidePlugin)
[2K[1A[2K[G[9%] setup (compilation HotModuleReplacementPlugin)
[2K[1A[2K[G[9%] setup (compilation ProgressPlugin)
[2K[1A[2K[G[9%] setup (compilation ESLintWebpackPlugin_1)
[2K[1A[2K[G[9%] setup (compilation)
[2K[1A[2K[G[10%] building 
[2K[1A[2K[G[10%] building (0/0 modules)
[2K[1A[2K[G[24%] building (1/4 modules)
[2K[1A[2K[G[38%] building (34/8 modules)
[2K[1A[2K[G[51%] building (149/12 modules)
[2K[1A[2K[G[51%] building (import loader vue-loader/dist/index.js)
[2K[1A[2K[G[51%] building (149/13 modules)
[2K[1A[2K[G[51%] building (import loader babel-loader/lib/index.js)
[2K[1A[2K[G[51%] building (import loader vue-loader/dist/templateLoader.js)
[2K[1A[2K[G[51%] building (155/20 modules)
[2K[1A[2K[G[51%] building (import loader css-loader/dist/cjs.js)
[2K[1A[2K[G[51%] building (import loader vue-loader/dist/stylePostLoader.js)
[2K[1A[2K[G[51%] building (import loader postcss-loader/dist/cjs.js)
[2K[1A[2K[G[51%] building (155/21 modules)
[2K[1A[2K[G[65%] building (183/41 modules)
[2K[1A[2K[G[65%] building 
[2K[1A[2K[G[69%] building (finish)
[2K[1A[2K[G[70%] sealing (finish module graph)
[2K[1A[2K[G[70%] sealing (finish module graph ResolverCachePlugin)
[2K[1A[2K[G[70%] sealing (finish module graph InferAsyncModulesPlugin)
[2K[1A[2K[G[70%] sealing (finish module graph FlagDependencyExportsPlugin)
[2K[1A[2K[G[70%] sealing (finish module graph ESLintWebpackPlugin_1)
[2K[1A[2K[G[70%] sealing (finish module graph)
[2K[1A[2K[G[71%] sealing (plugins)
[2K[1A[2K[G[71%] sealing (plugins WarnCaseSensitiveModulesPlugin)
[2K[1A[2K[G[71%] sealing (plugins)
[2K[1A[2K[G[71%] sealing (dependencies optimization)
[2K[1A[2K[G[71%] sealing (dependencies optimization SideEffectsFlagPlugin)
[2K[1A[2K[G[71%] sealing (dependencies optimization)
[2K[1A[2K[G[72%] sealing (after dependencies optimization)
[2K[1A[2K[G[73%] sealing (chunk graph)
[2K[1A[2K[G[73%] sealing (after chunk graph)
[2K[1A[2K[G[74%] sealing (optimizing)
[2K[1A[2K[G[74%] sealing (module optimization)
[2K[1A[2K[G[75%] sealing (after module optimization)
[2K[1A[2K[G[76%] sealing (chunk optimization)
[2K[1A[2K[G[76%] sealing (chunk optimization EnsureChunkConditionsPlugin)
[2K[1A[2K[G[76%] sealing (chunk optimization RemoveEmptyChunksPlugin)
[2K[1A[2K[G[76%] sealing (chunk optimization MergeDuplicateChunksPlugin)
[2K[1A[2K[G[76%] sealing (chunk optimization SplitChunksPlugin)
[2K[1A[2K[G[76%] sealing (chunk optimization RemoveEmptyChunksPlugin)
[2K[1A[2K[G[76%] sealing (chunk optimization)
[2K[1A[2K[G[76%] sealing (after chunk optimization)
[2K[1A[2K[G[77%] sealing (module and chunk tree optimization)
[2K[1A[2K[G[77%] sealing (module and chunk tree optimization PersistentChildCompilerSinglet
onPlugin)
[2K[1A[2K[1A[2K[G[77%] sealing (module and chunk tree optimization)
[2K[1A[2K[G[78%] sealing (after module and chunk tree optimization)
[2K[1A[2K[G[78%] sealing (chunk modules optimization)
[2K[1A[2K[G[79%] sealing (after chunk modules optimization)
[2K[1A[2K[G[80%] sealing (module reviving)
[2K[1A[2K[G[80%] sealing (module reviving RecordIdsPlugin)
[2K[1A[2K[G[80%] sealing (module reviving)
[2K[1A[2K[G[80%] sealing (before module ids)
[2K[1A[2K[G[81%] sealing (module ids)
[2K[1A[2K[G[81%] sealing (module ids NamedModuleIdsPlugin)
[2K[1A[2K[G[81%] sealing (module ids)
[2K[1A[2K[G[82%] sealing (module id optimization)
[2K[1A[2K[G[82%] sealing (module id optimization)
[2K[1A[2K[G[83%] sealing (chunk reviving)
[2K[1A[2K[G[83%] sealing (chunk reviving RecordIdsPlugin)
[2K[1A[2K[G[83%] sealing (chunk reviving)
[2K[1A[2K[G[83%] sealing (before chunk ids)
[2K[1A[2K[G[84%] sealing (chunk ids)
[2K[1A[2K[G[84%] sealing (chunk ids NamedChunkIdsPlugin)
[2K[1A[2K[G[84%] sealing (chunk ids)
[2K[1A[2K[G[85%] sealing (chunk id optimization)
[2K[1A[2K[G[85%] sealing (after chunk id optimization)
[2K[1A[2K[G[86%] sealing (record modules)
[2K[1A[2K[G[86%] sealing (record modules RecordIdsPlugin)
[2K[1A[2K[G[86%] sealing (record modules)
[2K[1A[2K[G[87%] sealing (record chunks)
[2K[1A[2K[G[87%] sealing (record chunks RecordIdsPlugin)
[2K[1A[2K[G[87%] sealing (record chunks)
[2K[1A[2K[G[87%] sealing (module hashing)
[2K[1A[2K[G[88%] sealing (code generation)
[2K[1A[2K[G[89%] sealing (runtime requirements)
[2K[1A[2K[G[89%] sealing (hashing)
[2K[1A[2K[G[90%] sealing (after hashing)
[2K[1A[2K[G[91%] sealing (record hash)
[2K[1A[2K[G[91%] sealing (module assets processing)
[2K[1A[2K[G[92%] sealing (chunk assets processing)
[2K[1A[2K[G[92%] sealing (asset processing)
[2K[1A[2K[G[92%] sealing (asset processing copy-webpack-plugin)
[2K[1A[2K[G[92%] sealing (asset processing HotModuleReplacementPlugin)
[2K[1A[2K[G[92%] sealing (asset processing ESLintWebpackPlugin_1)
[2K[1A[2K[G[92%] sealing (asset processing PersistentChildCompilerSingletonPlugin)
[2K[1A[2K[G[92%] sealing (asset processing HtmlWebpackPlugin)
[2K[1A[2K[G[92%] sealing (asset processing)
[2K[1A[2K[G[93%] sealing (after asset optimization)
[2K[1A[2K[G[94%] sealing (recording)
[2K[1A[2K[G[94%] sealing (recording HotModuleReplacementPlugin)
[2K[1A[2K[G[94%] sealing (recording)
[2K[1A[2K[G[94%] sealing (after seal)
[2K[1A[2K[G[95%] emitting (emit)
[2K[1A[2K[G[98%] emitting (after emit)
[2K[1A[2K[GBuild finished at 03:41:10 by 0.000s
[2K[1A[2K[GBuild finished at 03:41:10 by 0.000s
[2K[1A[2K[GBuild finished at 03:41:10 by 0.000s
[2K[1A[2K[G DONE  Compiled successfully in 169ms03:41:10

Build finished at 03:41:10 by 0.000s
[2K[1A[2K[G
  App running at:
  - Local:   http://localhost:8080/ 
  - Network: http://192.168.1.115:8080/

Build finished at 03:41:10 by 0.000s
[2K[1A[2K[GBuild finished at 03:41:10 by 0.000s
[2K[1A[2K[GBuild finished at 03:41:10 by 0.000s
[2K[1A[2K[GBuild finished at 03:41:10 by 0.000s
[2K[1A[2K[GBuild finished at 03:41:10 by 0.000s
[2K[1A[2K[GBuild finished at 03:41:10 by 0.000s
[2K[1A[2K[GBuild finished at 03:41:10 by 0.000s
[2K[1A[2K[GBuild finished at 03:41:10 by 0.000s
[2K[1A[2K[G